game_id,season,week,gameday,home_team,away_team,home_score,away_score,home_moneyline,away_moneyline,diff_pts_scored,diff_pts_allowed,diff_pass_yds,diff_rush_yds,diff_comp_pct,diff_net_yds_play,diff_off_epa,diff_def_epa,diff_off_cpoe
2023_01_DET_KC,2023,1,2023-09-07,KC,DET,20,21,-198,164,,,0.0,0.0,0.0,0.0,0.0,0.0,0.0
2023_01_CAR_ATL,2023,1,2023-09-10,ATL,CAR,24,10,-192,160,,,0.0,0.0,0.0,0.0,0.0,0.0,0.0
2023_01_HOU_BAL,2023,1,2023-09-10,BAL,HOU,25,9,-500,380,,,0.0,0.0,0.0,0.0,0.0,0.0,0.0
2023_01_CIN_CLE,2023,1,2023-09-10,CLE,CIN,24,3,-108,-112,,,0.0,0.0,0.0,0.0,0.0,0.0,0.0
2023_01_JAX_IND,2023,1,2023-09-10,IND,JAX,21,31,170,-205,,,0.0,0.0,0.0,0.0,0.0,0.0,0.0
2023_01_TB_MIN,2023,1,2023-09-10,MIN,TB,17,20,-205,170,,,0.0,0.0,0.0,0.0,0.0,0.0,0.0
2023_01_TEN_NO,2023,1,2023-09-10,NO,TEN,16,15,-148,124,,,0.0,0.0,0.0,0.0,0.0,0.0,0.0
2023_01_SF_PIT,2023,1,2023-09-10,PIT,SF,7,30,100,-120,,,0.0,0.0,0.0,0.0,0.0,0.0,0.0
2023_01_ARI_WAS,2023,1,2023-09-10,WAS,ARI,20,16,-340,270,,,0.0,0.0,0.0,0.0,0.0,0.0,0.0
2023_01_GB_CHI,2023,1,2023-09-10,CHI,GB,20,38,-118,-102,,,0.0,0.0,0.0,0.0,0.0,0.0,0.0
2023_01_LV_DEN,2023,1,2023-09-10,DEN,LV,16,17,-162,136,,,0.0,0.0,0.0,0.0,0.0,0.0,0.0
2023_01_MIA_LAC,2023,1,2023-09-10,LAC,MIA,34,36,-162,136,,,0.0,0.0,0.0,0.0,0.0,0.0,0.0
2023_01_PHI_NE,2023,1,2023-09-10,NE,PHI,20,25,154,-185,,,0.0,0.0,0.0,0.0,0.0,0.0,0.0
2023_01_LA_SEA,2023,1,2023-09-10,SEA,LA,13,30,-218,180,,,0.0,0.0,0.0,0.0,0.0,0.0,0.0
2023_01_DAL_NYG,2023,1,2023-09-10,NYG,DAL,0,40,142,-170,,,0.0,0.0,0.0,0.0,0.0,0.0,0.0
2023_01_BUF_NYJ,2023,1,2023-09-11,NYJ,BUF,22,16,114,-135,,,0.0,0.0,0.0,0.0,0.0,0.0,0.0
2023_02_MIN_PHI,2023,2,2023-09-14,PHI,MIN,34,28,-238,195,8.0,0.0,-174.0,56.0,-0.08333333333333337,-1.7340619307832421,-0.035483186229665606,0.09681070351521409,3.1046870395992734
2023_02_GB_ATL,2023,2,2023-09-17,ATL,GB,25,24,-148,124,-14.0,10.0,-130.0,38.0,0.2777777777777778,-0.5124999999999993,-0.2946371554538843,0.0823747571601803,11.942351195547316
2023_02_LV_BUF,2023,2,2023-09-17,BUF,LV,38,10,-355,280,-1.0,-6.0,36.0,36.0,-0.061913696060037604,0.15160427807486698,-0.2518579906105949,0.1012252951996,-5.2411081317143555
2023_02_BAL_CIN,2023,2,2023-09-17,CIN,BAL,24,27,-175,145,-22.0,-15.0,-87.0,-35.0,-0.3352272727272727,-1.9029374201787999,-0.371250672920328,-0.14694664590229248,-30.178817030837823
2023_02_SEA_DET,2023,2,2023-09-17,DET,SEA,31,37,-218,180,8.0,10.0,141.0,33.0,0.01318681318681314,1.017391304347826,0.06351815261874161,0.37218808955844884,1.1372763353089492
2023_02_IND_HOU,2023,2,2023-09-17,HOU,IND,20,31,-110,-110,-12.0,6.0,19.0,7.0,0.020979020979020935,0.18719806763284996,0.080236470645215,-0.2035050579520797,6.1470219704389715
2023_02_KC_JAX,2023,2,2023-09-17,JAX,KC,9,17,142,-170,11.0,0.0,15.0,15.0,0.21153846153846156,-0.08228143992519854,-0.12523042391524142,0.3989631494228559,11.412234307342285
2023_02_CHI_TB,2023,2,2023-09-17,TB,CHI,27,17,-135,114,0.0,21.0,-43.0,-49.0,-0.031001589825119247,-1.2109243697478989,0.07183378440797031,0.2546041294860004,4.7946871465279
2023_02_LAC_TEN,2023,2,2023-09-17,TEN,LAC,27,24,120,-142,-19.0,20.0,-31.0,-129.0,-0.22638146167557938,-0.9603033006244424,-0.34670954342341487,0.4071726562335841,-21.87313636435325
2023_02_NYG_ARI,2023,2,2023-09-17,ARI,NYG,28,31,185,-225,16.0,20.0,22.0,-12.0,0.1333333333333333,0.5771883289124666,0.0788259101625407,0.3678412341255066,13.655315760908458
2023_02_SF_LA,2023,2,2023-09-17,LA,SF,23,30,270,-340,0.0,-6.0,114.0,-96.0,-0.023593466424682408,-0.72027972027972,0.12604287236395761,-0.25775267846438027,-3.566318646821276
2023_02_NYJ_DAL,2023,2,2023-09-17,DAL,NYJ,30,10,-380,300,18.0,16.0,3.0,-50.0,-0.11636363636363634,-1.06861063464837,0.1753113528408726,0.3479195007030541,-17.65420989195506
2023_02_WAS_DEN,2023,2,2023-09-17,DEN,WAS,33,35,-198,164,-4.0,-1.0,-25.0,2.0,0.18121442125237186,0.1493368700265254,0.293755176484234,-0.5209515811511083,21.85560819725024
2023_02_MIA_NE,2023,2,2023-09-17,NE,MIA,17,24,110,-130,-16.0,9.0,-150.0,6.0,0.025925925925925908,-3.2205128205128197,-0.5408359681490126,0.3044382704775832,-3.83690794058119
2023_02_NO_CAR,2023,2,2023-09-18,CAR,NO,17,20,145,-175,-6.0,-9.0,-159.0,85.0,-0.17065390749601284,-1.677083333333333,-0.191061149968365,-0.0377214332076134,-11.666783230162553
2023_02_CLE_PIT,2023,2,2023-09-18,PIT,CLE,26,22,124,-148,-17.0,-27.0,78.0,-165.0,0.12218890554722639,-0.5245901639344259,-0.14949079820777347,-0.5391212560779809,8.954262455989575
2023_03_NYG_SF,2023,3,2023-09-21,SF,NYG,30,12,-535,400,17.6,21.800000000000004,20.0,60.8,0.04402236719478103,1.7258600548152794,0.3079246530547958,0.37006834313451953,7.098906755643134
2023_03_IND_BAL,2023,3,2023-09-24,BAL,IND,19,22,-380,300,0.8000000000000007,11.599999999999996,-28.399999999999977,47.79999999999998,0.08228438228438228,0.2318590704647674,0.1973449635705766,0.009967708610192694,12.901261973548536
2023_03_TEN_CLE,2023,3,2023-09-24,CLE,TEN,27,3,-185,154,3.3999999999999986,7.000000000000002,-30.799999999999983,84.00000000000001,-0.0646517917511833,-0.3900576928825519,-0.10152316061652365,0.3934468163934,-2.136026809301497
2023_03_ATL_DET,2023,3,2023-09-24,DET,ATL,20,6,-166,140,0.6000000000000014,-11.2,117.19999999999999,-50.8,-0.04035714285714287,0.47631410256410156,0.04712421964320267,-0.09490449427252584,2.9404682351239764
2023_03_NO_GB,2023,3,2023-09-24,GB,NO,18,17,105,-125,14.799999999999997,-6.199999999999999,-69.99999999999997,-6.200000000000003,-0.09868632268632271,-0.13625000000000043,0.18921259163217752,-0.08114704929311999,-11.293740101804072
2023_03_HOU_JAX,2023,3,2023-09-24,JAX,HOU,17,37,-380,300,8.799999999999999,8.0,-68.20000000000002,28.599999999999994,0.03191028829326703,-0.009315951201614325,-0.07269070200264421,0.25084713874091036,0.37089120596647196
2023_03_DEN_MIA,2023,3,2023-09-24,MIA,DEN,70,20,-250,205,8.399999999999999,-3.0,149.79999999999998,-5.200000000000003,-0.048137254901960747,1.9536570408201905,0.183948095182857,0.11895293646287053,-6.367112499017614
2023_03_LAC_MIN,2023,3,2023-09-24,MIN,LAC,24,28,-110,-110,-8.599999999999998,6.799999999999997,92.60000000000002,-128.39999999999998,0.05022172949002213,0.6178996442154334,-0.15907069034270574,0.25823503693961386,1.6490441542377319
2023_03_NE_NYJ,2023,3,2023-09-24,NYJ,NE,10,15,120,-142,-1.6000000000000014,3.0,-130.0,48.000000000000014,-0.1245310245310246,0.7542903664176004,-0.04016073922129679,0.003415986061655869,-4.772020377053156
2023_03_BUF_WAS,2023,3,2023-09-24,WAS,BUF,3,37,200,-245,1.1999999999999993,-5.600000000000001,-10.400000000000006,-27.400000000000006,-0.11486036663062626,-0.1431442590266121,-0.12450614458139073,0.0480211826835598,-11.30428200656251
2023_03_CAR_SEA,2023,3,2023-09-24,SEA,CAR,37,27,-225,185,9.8,-8.0,49.599999999999994,-48.60000000000001,0.0989697508311117,0.7101835542782977,0.2622093998826552,-0.20117759961020737,7.4818450000718455
2023_03_DAL_ARI,2023,3,2023-09-24,ARI,DAL,28,16,470,-650,-15.2,-20.4,-17.399999999999977,-8.799999999999997,0.052651952461799656,0.11967947023202541,-0.25842934034054355,-0.37570512653280086,5.132236431262699
2023_03_CHI_KC,2023,3,2023-09-24,KC,CHI,41,10,-750,525,0.0,17.400000000000002,43.60000000000002,-5.599999999999994,-0.0038750920163872493,0.5180295021234302,0.14437304224597802,0.2580992234552156,6.681776073467624
2023_03_PIT_LV,2023,3,2023-09-24,LV,PIT,18,23,-148,124,-0.40000000000000036,2.0,-34.0,12.0,0.1238573021181717,0.5329992494359947,0.3471070909792948,-0.18071041075536565,13.945346016796412
2023_03_PHI_TB,2023,3,2023-09-25,TB,PHI,11,25,210,-258,-5.800000000000001,6.199999999999999,51.400000000000006,-70.00000000000001,-0.0365728900255754,-0.29571970427515204,0.054867877821554424,0.03980953374633764,-5.719393265179612
2023_03_LA_CIN,2023,3,2023-09-25,CIN,LA,19,16,-162,136,-15.799999999999997,-5.399999999999999,-185.2,-19.39999999999999,-0.10030546154743847,-1.5421952316689156,-0.351995171156492,0.03037175974195923,-6.134858460684612
2023_04_DET_GB,2023,4,2023-09-28,GB,DET,20,34,120,-142,3.639999999999997,-1.5199999999999996,-37.75999999999999,-21.680000000000007,-0.150552380952381,-0.522883802816902,0.12599896196215013,-0.03253405824309602,-12.284156855114341
2023_04_ATL_JAX,2023,4,2023-10-01,JAX,ATL,23,7,-185,154,3.080000000000002,-9.079999999999998,74.88,-13.080000000000013,0.014066416040100282,0.5073425306577475,-0.018563325364977262,-0.047116933492269496,4.41379019767046
2023_04_MIA_BUF,2023,4,2023-10-01,BUF,MIA,48,20,-142,120,-17.04,12.8,-140.0,-53.96000000000001,-0.04342762972031278,-2.988432210094669,-0.3039724619429429,0.21370362246842456,-4.279916819313821
2023_04_MIN_CAR,2023,4,2023-10-01,CAR,MIN,13,21,185,-225,-3.960000000000001,-1.6799999999999962,-124.32,23.560000000000002,-0.11113446625969314,-1.7149776889776884,-0.0738829172622107,0.014493631867336085,-7.332862277292502
2023_04_DEN_CHI,2023,4,2023-10-01,CHI,DEN,28,31,136,-162,-6.4,5.959999999999994,-92.04000000000002,15.680000000000007,-0.09706030948210942,-1.1561624576981488,-0.17347942012421025,0.16901522309057582,-12.825715464436346
2023_04_BAL_CLE,2023,4,2023-10-01,CLE,BAL,3,28,114,-135,1.639999999999997,9.28,28.919999999999987,-3.8400000000000034,-0.07870482354130848,-0.036129097261367704,-0.03169621475299408,0.23988897066939688,-2.3287165202732187
2023_04_PIT_HOU,2023,4,2023-10-01,HOU,PIT,30,6,136,-162,4.879999999999999,0.0400000000000027,60.47999999999999,2.8400000000000034,0.057768940895675414,0.37668884601924724,0.16663673773346208,-0.08427512431079738,8.177316093140332
2023_04_LA_IND,2023,4,2023-10-01,IND,LA,23,29,-105,-115,1.0800000000000018,-4.079999999999998,-75.95999999999998,26.360000000000014,0.05489731321310276,-1.04167701863354,-0.15870013734538313,0.1340343154909549,1.5081011172645278
2023_04_TB_NO,2023,4,2023-10-01,NO,TB,9,26,-205,170,-0.7200000000000024,3.5199999999999996,51.28,16.319999999999993,0.01831767596473488,0.6323774509803917,0.015425830005707741,0.04245190438019092,1.211446227336472
2023_04_WAS_PHI,2023,4,2023-10-01,PHI,WAS,34,31,-455,350,10.36,10.16,5.840000000000003,73.08000000000003,0.027606762643760274,0.15734022788526136,0.2514393648162616,0.08801842424015865,7.09481995613971
2023_04_CIN_TEN,2023,4,2023-10-01,TEN,CIN,27,3,136,-162,-1.3600000000000012,-0.8000000000000007,-14.480000000000018,12.039999999999992,0.049618086258893856,0.4510927264718525,-0.02931733093298003,-0.10382619039550627,5.871351113277271
2023_04_LV_LAC,2023,4,2023-10-01,LAC,LV,24,17,-310,250,13.48,-4.959999999999997,91.24000000000001,47.76,0.05915600659503095,1.0332502980130638,0.18024231974543564,-0.03007032192473172,5.247829141033479
2023_04_NE_DAL,2023,4,2023-10-01,DAL,NE,38,3,-285,230,10.719999999999999,5.16,-37.31999999999999,38.79999999999998,0.015616731483881985,0.21112845109427703,0.20322252734358626,0.03629895864033014,-1.2449953832091751
2023_04_ARI_SF,2023,4,2023-10-01,SF,ARI,35,16,-1100,700,6.32,8.2,74.79999999999998,2.6399999999999864,-0.06905782973502661,0.127438074251347,0.15278741661183012,0.19914918952198193,-3.3508632698554663
2023_04_KC_NYJ,2023,4,2023-10-01,NYJ,KC,20,23,370,-485,-13.360000000000005,-5.240000000000002,-121.75999999999999,-25.36,-0.11205520196534313,-1.170535336850997,-0.3171118263889971,-0.15344262209471485,-5.988896131379724
2023_04_SEA_NYG,2023,4,2023-10-02,NYG,SEA,3,24,120,-142,-16.119999999999997,-4.079999999999998,-66.0,-27.72,-0.02509577494943349,-1.2448976962659497,-0.3024069644455779,-0.06262709439122431,-7.6423013731688485
2023_05_CHI_WAS,2023,5,2023-10-05,WAS,CHI,20,40,-258,210,2.1119999999999983,3.647999999999996,8.688000000000017,-26.80000000000001,0.012691229074961563,-0.39551221941810155,0.03062643324873636,0.1984898923932845,-1.3242492592039619
2023_05_JAX_BUF,2023,5,2023-10-08,BUF,JAX,20,25,-250,205,15.736,3.751999999999999,35.816,26.048000000000002,0.04619104121543138,1.3122663748948922,0.3278325576777779,0.04774706256365688,8.333812197698997
2023_05_HOU_ATL,2023,5,2023-10-08,ATL,HOU,21,19,-142,120,-12.680000000000001,-3.272000000000002,-115.95999999999998,20.54400000000001,0.03456859148870495,-0.8540271043490781,-0.25075089251394256,-0.05419675258676707,-3.2725230574090216
2023_05_CAR_DET,2023,5,2023-10-08,DET,CAR,42,24,-455,350,11.112000000000002,6.255999999999997,21.67199999999997,60.75200000000001,0.01952613430127048,1.2155925923794166,0.17366763393780393,0.11405059964703998,4.090896700930168
2023_05_TEN_IND,2023,5,2023-10-08,IND,TEN,23,16,120,-142,4.832000000000001,-11.144,15.383999999999986,0.5360000000000014,-0.0734680378445084,-0.2094057224297332,-0.035518212146922176,-0.02227987560772789,-10.28794169440934
2023_05_NYG_MIA,2023,5,2023-10-08,MIA,NYG,31,16,-750,525,27.487999999999996,-4.320000000000004,155.48800000000003,83.424,0.03396375198728152,3.8334039294047013,0.5358879947290488,-0.0968913642056978,6.7872482465475255
2023_05_NO_NE,2023,5,2023-10-08,NE,NO,0,34,-135,114,-2.4480000000000004,-6.048000000000002,27.73600000000002,7.288000000000011,-0.060916884843862595,0.3853516789169893,-0.10304477989599733,0.015572988488271707,-5.5604222952861715
2023_05_BAL_PIT,2023,5,2023-10-08,PIT,BAL,17,10,190,-230,-11.872000000000002,-14.088,-2.2319999999999993,-58.855999999999995,-0.1458974862887168,-0.6551014919428582,-0.20556956283897218,-0.2983262565944443,-16.022685375849896
2023_05_CIN_ARI,2023,5,2023-10-08,ARI,CIN,20,34,142,-170,10.744,-2.911999999999999,34.864000000000004,67.17600000000002,0.1328619593549457,1.5570909735506744,0.24058620461191507,-0.14776553605012097,9.86203006704348
2023_05_PHI_LA,2023,5,2023-10-08,LA,PHI,14,23,160,-192,-4.6640000000000015,2.503999999999998,49.920000000000016,-32.76000000000002,-0.04980678627452084,0.1474980888746682,-0.007825145259937424,0.006330291480838314,-10.639946692798073
2023_05_NYJ_DEN,2023,5,2023-10-08,DEN,NYJ,21,31,-135,114,8.816000000000003,-16.135999999999996,54.82400000000001,-5.456000000000003,0.08915853702540999,0.9515664460579316,0.25172528836844876,-0.2158885252278766,9.536073933704325
2023_05_KC_MIN,2023,5,2023-10-08,MIN,KC,20,27,150,-180,-3.9440000000000026,-4.904,23.744,-54.21600000000001,0.04099845776816258,0.4261972403940142,-0.16124269119752915,-0.03775569739369429,4.350942032684757
2023_05_DAL_SF,2023,5,2023-10-08,SF,DAL,42,10,-180,150,0.0,-4.743999999999998,25.01599999999999,7.296000000000021,0.06942476694999378,1.3157515555570614,0.2052470332400947,-0.22440061278381074,8.553226969188113
2023_05_GB_LV,2023,5,2023-10-09,LV,GB,17,13,-118,-102,-7.751999999999999,1.5519999999999996,7.575999999999993,2.4879999999999995,0.0848394094794096,-0.0509739997260823,-0.07079370147765283,-0.06455706801442773,2.377990698471492
2023_06_DEN_KC,2023,6,2023-10-12,KC,DEN,19,8,-650,470,2.6400000000000006,16.688,34.85919999999999,6.643200000000007,0.0029115664457969315,-0.3317401288245412,0.1650537619325446,0.20388060657146861,-4.052931254457674
2023_06_BAL_TEN,2023,6,2023-10-15,TEN,BAL,16,24,205,-250,-1.4400000000000013,-4.027200000000001,15.063999999999993,-31.334399999999988,-0.040118004611986446,0.20090763089972707,0.11414861486028872,-0.228025057212542,-3.8078425874099384
2023_06_WAS_ATL,2023,6,2023-10-15,ATL,WAS,16,24,-125,105,-5.273599999999998,15.043200000000006,-50.72800000000001,35.430400000000006,-0.0023057668017494315,-0.2729499557809767,-0.0730448564075464,0.19843461305417437,-5.717442323829975
2023_06_MIN_CHI,2023,6,2023-10-15,CHI,MIN,13,19,140,-166,7.102399999999999,-5.119999999999997,-22.159999999999968,63.69120000000002,-0.045989803173202004,0.4114303085150137,0.1003001245479313,-0.08439454941902194,3.1939511368618723
2023_06_SEA_CIN,2023,6,2023-10-15,CIN,SEA,17,13,-155,130,-7.097599999999996,-3.603200000000001,21.840000000000032,-34.05760000000001,0.03363331757370547,-0.9672351365599487,-0.11384976324098832,-0.027930218389719236,2.5597677804273857
2023_06_SF_CLE,2023,6,2023-10-15,CLE,SF,19,17,360,-470,-19.968,-3.8496000000000024,-75.2064,-27.238400000000013,-0.151683909428461,-2.104843302859412,-0.4773713967668805,0.011447985602770605,-11.74202867379656
2023_06_NO_HOU,2023,6,2023-10-15,HOU,NO,20,13,110,-130,1.0127999999999986,-5.961599999999999,83.24640000000002,-17.639999999999986,-0.0699213997813376,1.197663054247192,0.09098472479065746,-0.2417439834219719,-6.263739420513474
2023_06_IND_JAX,2023,6,2023-10-15,JAX,IND,37,20,-205,170,-0.524799999999999,2.6432,36.559999999999974,-8.140800000000013,0.05134879174879181,-0.46967584922766825,-0.010880798770985342,0.05532488487939931,2.347094119335041
2023_06_CAR_MIA,2023,6,2023-10-15,MIA,CAR,42,21,-1100,700,14.646399999999996,5.331199999999999,95.04639999999998,100.42560000000002,0.09282657488970547,3.929505140782733,0.27997124086254893,0.03790163834322715,7.7724520595627205
2023_06_NE_LV,2023,6,2023-10-15,LV,NE,21,17,-148,124,9.598400000000002,9.8448,36.54399999999998,8.452799999999996,0.13668937247402202,0.6741080365800434,0.3532860839381817,0.022243908849877647,10.092399604910778
2023_06_ARI_LA,2023,6,2023-10-15,LA,ARI,26,9,-340,270,0.3744000000000014,7.8416,79.88479999999998,-48.65920000000001,-0.014386877611545335,-0.07725138392225084,0.11803042318196066,0.04993256595115285,-2.0509582774448583
2023_06_PHI_NYJ,2023,6,2023-10-15,NYJ,PHI,20,14,245,-305,-4.782400000000003,-1.1103999999999985,-82.51519999999996,0.3599999999999852,-0.011362849828753685,0.08774762872815689,-0.20773532763763092,0.060211135921604875,-3.3604039521793343
2023_06_DET_TB,2023,6,2023-10-15,TB,DET,6,20,136,-162,-11.992,5.332800000000002,-24.03200000000001,-66.41760000000002,-0.004594570919276841,-1.2074956616193795,-0.12636584402012943,0.05250590882383997,2.393939716982396
2023_06_NYG_BUF,2023,6,2023-10-15,BUF,NYG,14,9,-1200,750,18.678400000000003,11.136,113.6128,-0.891200000000012,0.01741573306448485,2.4550585816638053,0.41385349203102995,0.09346267046590494,7.618666600682067
2023_06_DAL_LAC,2023,6,2023-10-16,LAC,DAL,17,20,110,-130,3.9200000000000017,-1.8079999999999998,60.883200000000016,21.72319999999999,-0.006988667175357843,0.9323890529501542,0.19927076064004703,-0.10814484723859095,0.9735002244367281
2023_07_JAX_NO,2023,7,2023-10-19,NO,JAX,24,31,-148,124,-10.05216,4.172160000000002,27.879680000000008,-20.898560000000003,-0.028534576689870805,-0.048752527935123524,-0.04722292882599503,0.064088296098679,0.2647631352792006
2023_07_DET_BAL,2023,7,2023-10-22,BAL,DET,38,6,-162,136,-6.9267199999999995,0.27488000000000135,-69.98847999999998,29.37215999999998,0.0019169547328732328,-0.5897456730463535,-0.1677210502171865,-0.035662899668227666,1.7967724853669376
2023_07_LV_CHI,2023,7,2023-10-22,CHI,LV,30,12,120,-142,3.808959999999999,-6.183679999999995,-34.31999999999999,73.98624,-0.030050272127335464,0.5211547329772186,-0.020559355407272863,-0.012999816014650556,3.407945410611573
2023_07_CLE_IND,2023,7,2023-10-22,IND,CLE,38,39,150,-180,4.753599999999999,-11.31776,82.12256,-34.688959999999994,0.05284559875553774,0.8984186127067302,0.14449504573032979,-0.19562728987566988,4.023945319737994
2023_07_BUF_NE,2023,7,2023-10-22,NE,BUF,29,25,310,-395,-12.7584,-11.115840000000002,-55.82911999999999,-29.012159999999994,-0.07153718697417655,-1.4352308216044998,-0.37328660393457136,-0.04729070331005422,-11.917187695680381
2023_07_WAS_NYG,2023,7,2023-10-22,NYG,WAS,14,7,136,-162,-11.976959999999998,3.397760000000005,-45.71263999999999,33.096959999999996,0.03200666732660662,-0.8462788650287711,-0.13340855194828405,0.011201197818054141,1.3144071145889278
2023_07_ATL_TB,2023,7,2023-10-22,TB,ATL,13,16,-148,124,-0.9798399999999994,3.789760000000001,-60.86528000000004,-37.08384000000001,-0.03329996573203864,-0.572233598938225,0.02443315953108202,0.007409394489336231,-0.07062390998309448
2023_07_PIT_LA,2023,7,2023-10-22,LA,PIT,17,24,-175,145,8.137920000000001,2.9411200000000015,50.37631999999999,38.73248000000001,0.019591054339191505,1.4786032424735795,0.20286642433897784,-0.00907557445996482,3.8806482348854097
2023_07_ARI_SEA,2023,7,2023-10-22,SEA,ARI,20,10,-455,350,5.350720000000001,10.17024,46.98495999999997,-32.70879999999998,0.06585237641037156,0.3285158464477336,0.13133035943842472,0.21767102918201434,10.268327272909204
2023_07_GB_DEN,2023,7,2023-10-22,DEN,GB,19,17,-118,-102,-2.2035199999999975,-6.096319999999999,-40.61376000000001,29.582719999999995,0.08335700445178851,0.19358589977296248,-0.02230470198189781,-0.11118943840317444,8.275085128990728
2023_07_LAC_KC,2023,7,2023-10-22,KC,LAC,31,17,-265,215,0.2988800000000005,8.690879999999998,26.349760000000003,11.12224000000002,0.0624112299108448,0.31457773751019147,0.07638038105663317,0.1753433016229365,4.882882366033233
2023_07_MIA_PHI,2023,7,2023-10-22,PHI,MIA,31,17,-155,130,-15.328959999999999,4.623999999999999,-23.1456,-58.25632,-0.052972534080991784,-2.27711475643192,-0.1714632526896251,0.008942449867930115,-4.112222459805662
2023_07_SF_MIN,2023,7,2023-10-23,MIN,SF,22,17,260,-325,-8.12896,-4.21152,31.861760000000004,-66.38816000000001,0.027843432907586618,-0.4539990450374578,-0.2114361353876037,-0.1113161478298244,0.6361518642590442
2023_08_TB_BUF,2023,8,2023-10-26,BUF,TB,24,18,-485,370,9.944447999999998,-3.721792000000004,19.37427199999999,23.112703999999994,0.04766372990799961,0.705432348858503,0.22021532550354478,-0.06271250418582455,7.531353139433744
2023_08_HOU_CAR,2023,8,2023-10-29,CAR,HOU,15,13,136,-162,-1.7897599999999976,-19.88,-18.473599999999976,0.7718399999999974,0.08225371148332528,-0.6899564316701827,-0.1356040814682279,-0.1519610444127429,7.902525313781052
2023_08_LA_DAL,2023,8,2023-10-29,DAL,LA,43,20,-310,250,1.4138879999999965,-0.6657919999999997,-11.490111999999982,-27.293568000000008,0.12429361772499337,-0.6941985868061735,-0.06611199202118115,0.07061476305205014,10.225618394405526
2023_08_MIN_GB,2023,8,2023-10-29,GB,MIN,10,24,-108,-112,-2.408383999999998,-2.5226240000000004,-87.98176000000001,32.89747199999999,-0.09676462297300215,-0.5863069183248566,0.00036360956327664926,-0.044283340126528195,-7.527053341931551
2023_08_NO_IND,2023,8,2023-10-29,IND,NO,27,38,110,-130,7.740224000000001,-10.734848,7.230591999999945,28.029824000000005,0.0035047462017486763,1.2872874254304785,0.021389745807487266,-0.04214299855134142,-0.4121927538787438
2023_08_NE_MIA,2023,8,2023-10-29,MIA,NE,31,17,-380,300,10.948224,-1.3925759999999983,40.93427199999999,43.23571199999999,0.005755485377210823,1.460587570544142,0.14102790714917016,0.012716995198633403,6.214301426613292
2023_08_NYJ_NYG,2023,8,2023-10-29,NYG,NYJ,10,13,136,-162,-9.503616,1.0574080000000023,38.173823999999996,-20.79846400000001,0.038446994203815255,-0.43581695090818506,-0.03081511460408308,-0.01636580616131912,5.7363957163980155
2023_08_JAX_PIT,2023,8,2023-10-29,PIT,JAX,10,20,114,-135,-11.051392,2.762944000000001,-11.725375999999983,-29.302656,-0.06409039046499909,-0.23675605522601106,-0.07926621696168856,-0.05093890808901995,-2.5532980854542178
2023_08_ATL_TEN,2023,8,2023-10-29,TEN,ATL,28,23,110,-130,0.8760960000000004,-2.4400639999999996,-68.54060800000002,-12.031104,-0.07958729531571551,0.060491083198914275,0.08000207906176611,-0.09013501046833439,-5.0497312162110575
2023_08_PHI_WAS,2023,8,2023-10-29,WAS,PHI,31,38,245,-305,-9.233856,-3.159936000000002,-33.98246399999999,-39.051968,-0.08160703440119932,-0.5104572786749237,-0.1868158157928029,-0.09480845136447802,-3.9728744739487554
2023_08_CLE_SEA,2023,8,2023-10-29,SEA,CLE,24,20,-198,164,-5.229760000000002,10.36768,56.208,-37.03519999999999,0.16650172450310252,1.0675467261850446,0.157451352258689,0.006197043856807638,20.01500534425894
2023_08_BAL_ARI,2023,8,2023-10-29,ARI,BAL,24,31,380,-500,-14.319040000000001,-13.632703999999999,-85.85452800000002,-9.185151999999988,-0.13462088847048082,-1.865522964772195,-0.3115266303105136,-0.21183433249513878,-14.066988868403069
2023_08_KC_DEN,2023,8,2023-10-29,DEN,KC,24,9,270,-340,-8.3904,-8.647680000000001,-155.189312,32.96844799999998,-0.06373957399625352,-0.8398332938829043,-0.1725751759366168,-0.1694611679103859,-1.5254796593208555
2023_08_CIN_SF,2023,8,2023-10-29,SF,CIN,17,31,-205,170,5.328959999999999,0.6898559999999989,18.32294399999998,42.009664,-0.012737383669446656,1.4043673021697005,0.19586837444521865,-0.023577133243420624,0.5131013293897911
2023_08_CHI_LAC,2023,8,2023-10-29,LAC,CHI,30,13,-440,340,-4.636288,-6.264064000000001,65.00704000000002,-47.76352,-0.05709784038094223,0.5317563472628501,0.0037134786009649454,-0.17035894749759756,-2.35460212861749
2023_08_LV_DET,2023,8,2023-10-30,DET,LV,26,14,-340,270,3.3722879999999975,-1.0726400000000034,57.53887999999998,34.68192000000002,0.02797140943244214,0.9024919566672338,0.08253744375236935,-0.01577589082677528,5.379282711293471
2023_09_TEN_PIT,2023,9,2023-11-02,PIT,TEN,20,16,-175,145,-6.317951999999998,2.294784,0.7668480000000102,-48.824512,-0.022893479555894047,-0.9562888718352287,-0.1320122612370683,0.07124911362015202,-6.548836661667297
2023_09_MIA_KC,2023,9,2023-11-05,KC,MIA,21,14,-115,-105,-10.422630400000003,4.362175999999998,8.283878399999992,-26.95068159999998,-0.0046492603395918985,-0.3125320585239155,-0.08407419033336491,-0.005205254833420554,-0.8925310966200541
2023_09_MIN_ATL,2023,9,2023-11-05,ATL,MIN,28,31,-192,160,-3.331264000000001,-6.935808,-38.43544320000001,64.5833856,-0.06867092127439789,0.19912529096760068,-0.16076974374492486,-0.0857706814151421,-4.685052401529035
2023_09_SEA_BAL,2023,9,2023-11-05,BAL,SEA,37,3,-270,220,7.065164799999998,0.5183359999999979,-20.761868800000002,26.566259199999976,0.03626016618080807,-0.08881309916731617,0.09748553172178308,0.04072644726431736,-0.7263168803579894
2023_09_ARI_CLE,2023,9,2023-11-05,CLE,ARI,27,0,-750,525,5.864115199999997,2.6406783999999988,19.34978560000002,17.965951999999987,-0.10764092005263337,0.10331032332686174,0.05318387238172176,0.14088016319109145,-5.511397333603675
2023_09_LA_GB,2023,9,2023-11-05,GB,LA,20,3,-198,160,-5.1711232,6.812684799999996,-13.571571199999994,-22.105420800000005,0.03932993169355237,-0.6082047093571505,-0.031413915067451385,-0.03209278826079813,6.840030234883759
2023_09_TB_HOU,2023,9,2023-11-05,HOU,TB,39,37,-148,124,2.5144959999999976,4.041216,-32.89580800000002,29.003072000000003,-0.019495416213935024,0.07508034986036893,0.019277451206756682,0.06911661713803548,-2.295355339339184
2023_09_WAS_NE,2023,9,2023-11-05,NE,WAS,17,20,-155,130,-4.470195199999999,0.5068672000000021,-105.3586688,2.702028800000008,0.021085491071759277,-0.701173640299646,-0.08833019373471643,0.044354120272429104,-4.414125550097199
2023_09_CHI_NO,2023,9,2023-11-05,NO,CHI,24,17,-440,340,7.218380800000002,0.029068799999997452,100.82551039999998,-0.26297599999999477,-0.013827879375095553,0.9219416094251924,0.14989115983516701,0.0009863874585923707,3.35837901457788
2023_09_IND_CAR,2023,9,2023-11-05,CAR,IND,13,27,110,-130,-9.816000000000003,7.803481600000001,-24.30421759999996,-66.79683840000001,0.05551422893757896,-1.213272169127257,-0.10609411250216388,0.04357734505124249,6.323375876050423
2023_09_NYG_LV,2023,9,2023-11-05,LV,NYG,30,6,-118,-102,3.930764800000002,-8.8938496,46.6873856,-74.52307200000001,0.0020881445645809515,0.4540063501184237,-0.036930520194696476,-0.1718849239655566,-2.3984201722884944
2023_09_DAL_PHI,2023,9,2023-11-05,PHI,DAL,28,23,-175,145,0.1657216000000048,-3.4514432,31.518835199999955,-10.402163200000004,-0.010898397473775523,-0.07424521760467062,0.08941019890856508,-0.09104520762633786,4.659801228793958
2023_09_BUF_CIN,2023,9,2023-11-05,CIN,BUF,24,18,-125,105,-0.6336127999999981,1.6268032000000012,-41.98161919999998,-9.846886400000002,0.03727834489988935,-0.6093788758908874,-0.074770859007865,0.10763416973702472,-0.6985931858547971
2023_09_LAC_NYJ,2023,9,2023-11-06,NYJ,LAC,6,27,142,-170,-6.338048000000001,5.923967999999999,-61.760704000000004,9.26521600000001,-0.111936134404232,-0.504865172988815,-0.2191922722619404,0.17234118442122207,-9.252356053545796
2023_10_CAR_CHI,2023,10,2023-11-09,CHI,CAR,16,13,-180,150,3.012090879999999,3.0050150399999964,4.124211199999991,36.625152000000014,-0.0015442694861188544,0.8315416981431714,0.08137422594355792,0.051756199207613936,0.029703349385360678
2023_10_IND_NE,2023,10,2023-11-12,NE,IND,6,10,-102,-118,-10.073797120000002,1.2892927999999984,3.88909824000001,-26.343861759999996,0.002977105496083432,0.13986320996150958,-0.0852465556626184,-0.11585932081066942,-2.7642835156752312
2023_10_CLE_BAL,2023,10,2023-11-12,BAL,CLE,31,33,-258,210,7.316385280000002,3.803366399999998,9.457758719999987,66.76708352,0.17270409153697286,1.5373579418664738,0.2433303350571283,-0.08089860302137314,13.096819211659643
2023_10_HOU_CIN,2023,10,2023-11-12,CIN,HOU,27,30,-250,205,-2.868863999999995,6.251507199999999,-26.39674880000001,-5.709401600000007,0.09046995268192781,-0.8008565122525848,0.02127668943779515,0.04921301763706311,3.676783641987902
2023_10_SF_JAX,2023,10,2023-11-12,JAX,SF,3,34,142,-170,4.5808512000000015,6.321024000000001,-32.847500800000006,1.982067200000003,0.03531635650889675,-1.2937480292038481,-0.06501007204857062,0.21175048438514638,-0.18925395829233027
2023_10_NO_MIN,2023,10,2023-11-12,MIN,NO,27,19,130,-155,-0.44509952000000297,0.8445107199999988,1.336629759999994,-11.41499392,0.01966864906387611,-0.127589418350321,0.013162711507745652,0.03589018161761798,1.6260436317861116
2023_10_GB_PIT,2023,10,2023-11-12,PIT,GB,23,19,-166,140,-0.04711679999999774,-3.394892799999999,-28.40234240000001,-14.638963199999992,-0.04925095877075125,-0.4132222269558756,0.06242719504181395,-0.07615592271051602,-4.7389132111625525
2023_10_TEN_TB,2023,10,2023-11-12,TB,TEN,20,6,-142,120,5.040960000000002,-6.5749888,16.0877184,-42.27091200000001,0.04456480019273812,-0.4168373517615285,0.03154951510450567,-0.01828124514667545,-3.072502227038273
2023_10_ATL_ARI,2023,10,2023-11-12,ARI,ATL,25,23,110,-130,-11.89090816,-1.6233420800000005,-121.06869504000002,-28.563056640000013,-0.021612210497551576,-1.969932401918593,-0.30175699329138805,-0.03131289037988984,-7.436094136313876
2023_10_DET_LAC,2023,10,2023-11-12,LAC,DET,38,41,120,-142,3.531711999999999,5.279974400000002,-62.02754559999994,-60.39517440000003,-0.06009531685520686,-0.8177071883757252,0.006872774416800204,-0.012611175590863333,-4.71465182003068
2023_10_NYG_DAL,2023,10,2023-11-12,DAL,NYG,49,17,-2100,1100,18.323778559999997,-2.053473280000002,143.35631616,-45.72893696,0.09692154180871537,1.4703329244908723,0.3652177768523899,-0.14218032993634416,11.488044363037002
2023_10_WAS_SEA,2023,10,2023-11-12,SEA,WAS,29,26,-270,220,-6.8938111999999965,-1.1441715200000004,-102.33589247999998,-19.266777599999998,-0.07430770514350737,-0.5859410497593007,-0.15493485657903422,0.026745778844299153,-5.972837616029635
2023_10_NYJ_LV,2023,10,2023-11-12,LV,NYJ,16,12,-105,-115,7.817157120000003,2.7243571200000005,-35.76499200000001,6.998709759999997,-0.008770140926109171,0.24766680160705246,0.1110197641614794,0.017654827401024642,-3.758926364994158
2023_10_DEN_BUF,2023,10,2023-11-13,BUF,DEN,22,24,-395,310,1.2648652799999986,-3.4768819200000003,118.83040512,-47.577448959999984,0.05386310654030246,0.9295626069686103,0.12721820502372155,-0.1427312762410668,5.183716582352672
2023_11_CIN_BAL,2023,11,2023-11-16,BAL,CIN,34,20,-205,170,6.728654847999998,2.964963839999996,-84.735958528,90.239959552,-0.04464084527222878,0.3368240129617526,0.011729189358658645,0.16990150123291942,-3.9076446409421743
2023_11_DAL_CAR,2023,11,2023-11-19,CAR,DAL,10,33,470,-650,-21.241605120000003,-1.754915839999999,-174.4935296,-43.28781823999999,-0.11310650838216085,-2.6076376214520094,-0.3426547061017429,-0.05969549901216106,-12.394313035457781
2023_11_PIT_CLE,2023,11,2023-11-19,CLE,PIT,13,10,-142,120,8.741762559999998,-2.9624294399999975,49.36541184000001,1.2494515199999796,-0.05019974767319657,-0.24719914217210448,-0.04604956106002982,0.22087671847692444,1.6116617205684287
2023_11_CHI_DET,2023,11,2023-11-19,DET,CHI,31,26,-440,340,11.727534592000005,-7.753022464000004,109.002048,32.704184320000024,0.05839039565717985,1.8665490686495954,0.2431757644707298,-0.09517643287388142,4.148666481213423
2023_11_LAC_GB,2023,11,2023-11-19,GB,LAC,23,20,136,-162,-12.611215360000003,7.4213222399999985,-12.042419199999983,31.98310656000001,-0.030491888289463476,0.3220641673606828,-0.10276977546309027,0.12453450295118267,2.6498059249766572
2023_11_ARI_HOU,2023,11,2023-11-19,HOU,ARI,21,16,-250,205,11.573576191999997,0.1967959040000018,145.05458585600005,19.393674239999996,0.029714989785482704,2.0764237709079874,0.35319443954803936,-0.011948582581183254,10.73842557330967
2023_11_TEN_JAX,2023,11,2023-11-19,JAX,TEN,34,14,-290,235,2.67700224,-3.1595187200000012,8.618595839999983,2.432391679999995,0.09617989973644614,0.234614346844344,-0.08638359441640464,0.03628596552191331,0.7798321949587486
2023_11_LV_MIA,2023,11,2023-11-19,MIA,LV,20,13,-1100,700,4.4981601279999985,-7.231890432000002,72.45801472,-3.3521167359999993,0.06608045614066183,0.9692449327801524,0.15126174093245442,-0.1378274458361332,9.88066529341699
2023_11_NYG_WAS,2023,11,2023-11-19,WAS,NYG,19,31,-395,310,10.931414016,6.474850303999997,179.89235814399999,-40.977366016000005,0.08742145043571048,1.7970884041189548,0.2963429793219338,-0.030619844760334962,9.700073589244873
2023_11_TB_SF,2023,11,2023-11-19,SF,TB,27,14,-950,625,3.703915519999999,3.792860160000002,31.87446527999998,46.60569856000001,0.05556142423258037,1.6958839169381879,0.08491195269253365,0.0714236349213301,3.8026527303744984
2023_11_NYJ_BUF,2023,11,2023-11-19,BUF,NYJ,32,6,-395,310,9.073251328,-4.179264512000003,-9.240562688000011,35.838872064,0.05814787694362755,1.1869009957852796,0.25294249890332254,-0.2365392348763668,9.838058160011261
2023_11_SEA_LA,2023,11,2023-11-19,LA,SEA,17,16,-135,114,-6.865379840000003,-0.016688639999998145,-84.88765952,1.536627199999998,-0.0902947123972978,-0.9162911145770645,-0.13815557762464198,0.036100466026127716,-12.900352383208714
2023_11_MIN_DEN,2023,11,2023-11-19,DEN,MIN,21,20,-142,120,-4.372360703999998,0.2172840960000002,-100.16630015999996,21.29156659200001,0.023703376421832845,-0.776364773139627,-0.08112485913954029,-0.025297535045677444,4.244526979934854
2023_11_PHI_KC,2023,11,2023-11-20,KC,PHI,17,21,-148,124,-9.438522880000004,6.562521599999997,-6.702223360000005,-13.203043839999992,-0.046829600502899305,-0.011373602437170227,-0.1983488881214574,0.13327946433211516,-9.843764950408326
2023_12_GB_DET,2023,12,2023-11-23,DET,GB,22,29,-425,330,10.215312896,-8.033584127999998,-2.444632064000018,32.23239884800002,0.038059317171422635,0.6049323570406306,0.08272366583334309,-0.030976887673182955,-0.27611758092794614
2023_12_WAS_DAL,2023,12,2023-11-23,DAL,WAS,45,10,-800,550,13.317711872,11.455839436800002,15.512858931200014,-4.995997696000003,0.0258535189360527,0.18188117245382074,0.2033240610978339,0.19928275318734226,3.1643107179821315
2023_12_SF_SEA,2023,12,2023-11-23,SEA,SF,13,31,280,-355,-8.008891903999999,-7.373253119999999,-49.562014720000036,-36.34047641599999,-0.144455463088913,-1.9269470275702556,-0.21747613856777534,-0.08666779521723718,-11.365954037886333
2023_12_MIA_NYJ,2023,12,2023-11-24,NYJ,MIA,13,34,380,-500,-12.07307264,-5.201634303999999,-81.39941171200002,-24.508265472000005,-0.12789273235270726,-1.4722081678502565,-0.21351470905890108,-0.06322491704110597,-14.661768919008884
2023_12_NO_ATL,2023,12,2023-11-26,ATL,NO,24,15,110,-130,-0.5863147519999998,-1.9101844480000025,-60.55478169599999,55.361022464,-0.06024446648460635,-0.14350085931181766,-0.05998832645075001,-0.0020016950108873513,-3.01422316554887
2023_12_PIT_CIN,2023,12,2023-11-26,CIN,PIT,10,16,114,-135,7.361763328,-11.067224064000001,111.46561535999999,-61.03815475199998,0.08822302431978224,0.6479543831786518,0.11757226867084918,-0.14971769881968516,7.294938936871631
2023_12_JAX_HOU,2023,12,2023-11-26,HOU,JAX,21,24,-105,-115,1.5996753920000018,-1.7903820800000005,91.11492659200002,13.795700224,-0.024466252096901342,1.3529526263727538,0.03525501327931953,0.049295732268022634,-1.5057398077020432
2023_12_TB_IND,2023,12,2023-11-26,IND,TB,27,20,-155,130,1.3637841920000007,4.136469504000004,-54.44380672,26.04855193600001,-0.007890240412215754,-0.1749018541612486,-0.03793753824869242,0.10692844727979897,-1.9335711467682961
2023_12_NE_NYG,2023,12,2023-11-26,NYG,NE,10,7,180,-218,6.8968751104,-8.200590643200002,-24.701481369600003,-9.576832614400004,-0.025211292381680517,-0.20972806709757563,-0.10594782712283278,0.03237985991637163,-1.0917434621610167
2023_12_CAR_TEN,2023,12,2023-11-26,TEN,CAR,17,10,-175,145,1.0772761600000003,0.8097413119999999,26.108094464000004,-1.0927656960000007,0.055460282921413806,1.4461564527782258,0.20389302761883296,-0.06965687466022769,6.5555121891224175
2023_12_LA_ARI,2023,12,2023-11-26,ARI,LA,14,37,124,-148,1.3927559168000005,-2.0896246784,6.271685222399981,22.29153996800001,0.08919734732545825,0.39395071557957984,-0.03724160530313492,0.0030503171415154446,8.102886252202403
2023_12_CLE_DEN,2023,12,2023-11-26,DEN,CLE,29,12,-125,105,-0.5857853439999978,-2.9334783999999985,10.615452160000018,-32.677016575999986,0.17903253064198965,0.7946706149527261,0.027999672717394397,-0.1270632793040353,17.842761108307695
2023_12_KC_LV,2023,12,2023-11-26,LV,KC,17,31,380,-500,-2.2267491327999984,1.4887508991999994,-6.937005055999975,-35.3264845824,-0.0388487183345706,-0.1612143019998733,-0.17225764362728727,0.07699476438976728,-5.5718932029079555
2023_12_BUF_PHI,2023,12,2023-11-26,PHI,BUF,37,34,-148,124,0.22008862720000266,-4.977936588799997,-35.172720435200006,-25.335476838399998,0.04855870601433754,-0.8127576463921962,0.053874181770869604,-0.0775024774071574,4.198349087074844
2023_12_BAL_LAC,2023,12,2023-11-26,LAC,BAL,10,20,142,-170,-6.375264972800004,-4.502386176000002,19.546254540799993,-45.58565816320002,-0.027444932330682015,-0.7677286334404316,-0.046255205574556535,-0.13795307594988443,-7.0913860932737185
2023_12_CHI_MIN,2023,12,2023-11-27,MIN,CHI,10,12,-166,140,2.6469344256000014,3.878302719999997,67.63549695999998,-19.22220062720001,0.013302846446111127,0.6616927746319625,0.0601410470951273,0.07012858713205375,2.5894887046282347
2023_13_SEA_DAL,2023,13,2023-11-30,DAL,SEA,41,35,-500,380,22.567690342399995,11.728644710400001,88.40426813440001,23.916025344000005,0.06115960984413149,1.8261528999599204,0.40713629089336806,0.23860696440590623,6.265371124050483
2023_13_DEN_HOU,2023,13,2023-12-03,HOU,DEN,22,17,-170,142,-1.0068306944000014,-5.932098355200004,144.13624739839997,-17.6252547072,0.008656296307004374,1.690765141577911,0.04793589987346018,-0.14643753061813367,-1.1373403993923294
2023_13_LAC_NE,2023,13,2023-12-03,NE,LAC,0,6,185,-225,-9.252457267199999,7.349204684800002,-63.85202186240002,28.327983001600018,-0.008142320727475338,-0.5519895796937604,-0.02680438545675179,0.16115403779214077,-4.3695149160169695
2023_13_DET_NO,2023,13,2023-12-03,NO,DET,28,33,164,-198,-6.899773542400002,3.999170048,-23.276731801599965,-29.797449625600024,-0.021843449684115557,-0.42564184407606565,-0.05551105902965703,0.056591013716679316,-1.2704354717227968
2023_13_ATL_NYJ,2023,13,2023-12-03,NYJ,ATL,8,13,105,-125,-11.997398835200002,-6.631238656000001,7.340263731199997,-119.1197495296,0.012919145147231692,-1.3793187486336667,-0.2843900363869294,-0.026423098309900785,-2.811928765183882
2023_13_ARI_PIT,2023,13,2023-12-03,PIT,ARI,10,24,-285,230,0.4577548083200007,15.309506519040001,-23.657416048639988,59.923384831999996,0.027587879689763284,0.4435996515065943,0.15319744479284864,0.2366052273723984,6.511915333423841
2023_13_IND_TEN,2023,13,2023-12-03,TEN,IND,28,31,102,-122,-7.923117875200001,-0.7576841216000041,-29.704663142400022,-35.2986141696,0.027741943992198315,0.08648401154504715,0.00018452849242296676,-0.10334906793124722,7.680596905942599
2023_13_MIA_WAS,2023,13,2023-12-03,WAS,MIA,15,45,350,-455,-9.9630557184,-18.43453042688,28.440078458879952,-14.987699609599986,-0.034372540133199236,-0.3401487068580824,-0.09509746812263235,-0.3948297026810961,-5.767447801858006
2023_13_CAR_TB,2023,13,2023-12-03,TB,CAR,21,18,-198,164,7.751213055999999,-1.2383527936000007,53.635803852800024,0.6138235903999885,0.0590713373003251,1.1490934033222624,0.13812557304086487,-0.009390363219996166,1.8123864214670768
2023_13_CLE_LA,2023,13,2023-12-03,LA,CLE,36,19,-192,160,5.639557119999999,3.090742886400001,12.36285665280002,24.891888640000005,0.09504676473985163,1.273063964537438,0.16755065803905264,-0.04378017544296387,7.067389277229163
2023_13_SF_PHI,2023,13,2023-12-03,PHI,SF,19,42,124,-148,2.1293638655999985,-12.1065581568,-59.23061637120003,-2.8272137216000033,-0.07581797554819825,-1.160892511359629,-0.06628044192701792,-0.2032281878608353,-7.867167789713467
2023_13_KC_GB,2023,13,2023-12-03,GB,KC,27,19,215,-265,-0.16078192639999855,-2.152880844800002,20.97915156480005,13.973534310399998,-0.03926098946307355,0.6420747319340538,0.010171498926410595,-0.007556064696051121,0.09649235674994472
2023_13_CIN_JAX,2023,13,2023-12-04,JAX,CIN,31,34,-550,410,5.931869388800003,2.4759036927999993,47.6887417856,26.923810611199997,-0.03759577967826677,-0.04460125827129513,0.07692557595576861,0.04521182078809222,-0.40098634523770005
2023_14_NE_PIT,2023,14,2023-12-07,PIT,NE,18,21,-270,220,7.166945505279999,-6.2608953139200025,28.80990699520001,7.751951585279983,0.06732068483025799,0.7766143270612949,0.13313769964891675,-0.07877862863832137,10.421282677759775
2023_14_TB_ATL,2023,14,2023-12-10,ATL,TB,25,29,-125,105,-0.9549508198400005,5.716844400639999,-61.503502663679996,36.54992766975998,-0.0375343383024227,-0.808856367781865,-0.05546995299839939,0.15767693297954816,-1.8317308939797101
2023_14_LA_BAL,2023,14,2023-12-10,BAL,LA,37,31,-360,285,-1.0281810534399973,2.813479649279998,-19.78815744000002,39.971014000640025,0.0008646894858497234,0.23088045089126652,-0.01960874521852804,0.0739670730066284,1.1462011710846092
2023_14_DET_CHI,2023,14,2023-12-10,CHI,DET,28,13,142,-170,-11.872166277120002,9.32693471232,-67.39462522879998,-3.290788085759999,0.027815592307154025,-1.375355787887023,-0.15449783005673695,0.17808284351990492,3.3009116594702834
2023_14_IND_CIN,2023,14,2023-12-10,CIN,IND,34,14,-148,124,-1.9747598745600001,-3.5826087321600006,27.361573744639998,9.015941734400002,0.13967977993804126,1.0020816335606098,0.052973268263802664,-0.1378670306441032,11.680975719022827
2023_14_JAX_CLE,2023,14,2023-12-10,CLE,JAX,31,27,-142,120,-8.209135718400002,-1.62922631168,-85.26193764351999,21.22533087232,-0.18677344052188338,-1.2332713077679793,-0.20787772610699604,0.09136734052299071,-16.91607854889194
2023_14_CAR_NO,2023,14,2023-12-10,NO,CAR,28,6,-245,200,8.94685032448,-5.298500874240002,93.11770105856002,4.98825373695999,0.10645023972777456,1.4413314700280253,0.11187857285431865,-0.04682024808920853,1.9249861455687787
2023_14_HOU_NYJ,2023,14,2023-12-10,NYJ,HOU,30,6,145,-175,-12.96459732992,-1.5694237491199985,-109.15576639488,-39.23608092672001,-0.08566507819767644,-2.2817433093307553,-0.29540786456432483,0.029987755549542056,-9.324571820133468
2023_14_MIN_LV,2023,14,2023-12-10,LV,MIN,0,3,130,-155,-1.4707034931199985,-5.651787857919999,4.264863744000024,-11.522037637119993,-0.05014605682586093,0.20776611554067337,-0.008181350654937858,-0.10123086215688497,-7.723907546230805
2023_14_SEA_SF,2023,14,2023-12-10,SF,SEA,28,16,-1000,650,10.003201085440004,15.774371123200002,16.80232529920005,62.12257150975999,0.11167584945234155,1.588852301945085,0.28467197614581385,0.19254460250315553,10.667077475419307
2023_14_BUF_KC,2023,14,2023-12-10,KC,BUF,17,20,-125,105,-7.308198912000002,2.7706866688,-50.51759579136001,-28.8719107072,0.05979033137629797,-0.160671442651946,0.0041851509939573595,-0.11363626330428397,3.3079116697192856
2023_14_DEN_LAC,2023,14,2023-12-10,LAC,DEN,7,24,-162,136,-7.2448091340800005,5.195309486079999,49.88081438719999,-48.95089694720001,-0.020810547345330943,-0.30136557951248744,-0.02403832331920859,-0.04024355388882449,-7.274874630785568
2023_14_PHI_DAL,2023,14,2023-12-10,DAL,PHI,33,13,-175,145,13.85979480064,10.126750597120001,57.778605404159975,19.523371929600003,0.07719543529705808,1.0095202441157305,0.17546040668284074,0.24863883199331238,3.937048055261429
2023_14_TEN_MIA,2023,14,2023-12-11,MIA,TEN,27,28,-950,625,13.815824445439993,8.336171008,68.50701209600001,5.222743326719993,0.13966471815455683,1.149051133758479,0.13841275208810705,0.22845361217634094,9.999720862421157
2023_14_GB_NYG,2023,14,2023-12-11,NYG,GB,24,22,215,-265,-9.0762235904,0.6210811084799985,-87.74481602560002,-28.74509238271999,-0.02868384162601212,-1.3004828599422753,-0.3682956929009017,0.1011006631010678,-6.175661357890323
2023_15_LAC_LV,2023,15,2023-12-14,LV,LAC,63,21,-162,136,-1.2935313940479993,2.991026282496003,-42.74101603942401,7.248321101824004,0.05731816243444132,0.08764728054710424,-0.02928685190908875,0.00844032545149645,2.6521945190424816
2023_15_MIN_CIN,2023,15,2023-12-16,CIN,MIN,27,24,-175,145,16.026532864,-11.067442896895999,87.29172353024,-12.528540278783993,0.14065434840217506,1.7052880182896208,0.22241611922490986,-0.29124813649302644,9.367585742189686
2023_15_PIT_IND,2023,15,2023-12-16,IND,PIT,30,13,-122,102,6.070996803584002,-7.984955158527999,58.71562867097603,-45.185806467071984,0.0010509470928899978,0.1342008019264398,0.09197119152947306,-0.08147117483415653,-2.21065122446962
2023_15_DEN_DET,2023,15,2023-12-16,DET,DEN,42,17,-258,210,0.2924085944320005,-13.813065117696002,24.79655057817598,26.085470593023985,-0.01537399329721445,0.6308335834985632,0.05687218035796951,-0.27666702232706314,-6.127447725991185
2023_15_ATL_CAR,2023,15,2023-12-17,CAR,ATL,9,7,130,-155,-10.537466208255998,-3.3042996346879967,-72.16678778880004,22.249066905600017,-0.11403367070967169,-1.0536715790193956,-0.1667230164962365,-0.04047432522677985,-4.589986690046173
2023_15_CHI_CLE,2023,15,2023-12-17,CLE,CHI,20,17,-148,124,1.7894208061439976,-10.957464375296002,47.731286892544006,-43.82076216115199,-0.09467880739816659,-0.29724846016414297,-0.10181637137976302,-0.10461171471612932,-9.375196536241221
2023_15_TB_GB,2023,15,2023-12-17,GB,TB,20,34,-218,180,0.1030843842560003,1.6102594355199962,60.09339522252802,-2.887140536320004,0.11933725965997466,0.7946220218693956,0.11598578772250583,-0.023471725990109285,12.660144013709738
2023_15_NYJ_MIA,2023,15,2023-12-17,MIA,NYJ,30,0,-345,275,13.311783690239995,-5.132446990336,18.958272929791974,71.40578534195198,0.06729691950237937,1.296152101079075,0.27604725800678964,-0.12920764392639,5.775072036571037
2023_15_KC_NE,2023,15,2023-12-17,NE,KC,17,27,370,-485,-7.7095525990399985,6.777673220095998,-55.534335778816,11.518735622143993,-0.014181192870777237,-0.5308514570371186,-0.15444932890659696,0.2169807244069352,-3.3617410314698257
2023_15_NYG_NO,2023,15,2023-12-17,NO,NYG,24,6,-250,205,6.000323264511998,1.3637983805440008,37.355225640959986,-30.693828284416,-0.04283516773532492,-0.5311545230030896,0.0206561229141701,0.03739335331571241,-1.5784511894051585
2023_15_HOU_TEN,2023,15,2023-12-17,TEN,HOU,16,19,-170,142,7.243530625024004,-1.075803844608,29.560605835264,13.930490789887997,0.03827356891819822,0.2913779134804422,0.21830023594411485,-0.04574180997368501,8.32224710771608
2023_15_SF_ARI,2023,15,2023-12-17,ARI,SF,29,45,525,-750,-12.680459640832002,-5.42223316992,-129.34433517568007,-36.458314072064,-0.11636576459686765,-3.4755563747962723,-0.3368498271187163,-0.08792711874159723,-14.472517207384323
2023_15_WAS_LA,2023,15,2023-12-17,LA,WAS,28,20,-298,240,13.427417915391999,12.8048933888,31.26323988070402,7.778209538047989,-0.011282405140944696,0.5172362160205468,0.23407547858562447,0.23828921197057384,1.6389713967561441
2023_15_DAL_BUF,2023,15,2023-12-17,BUF,DAL,31,10,-135,114,-11.563790098431998,-2.7855595601919987,-28.94041391513599,8.339608784896015,-0.0786580550253444,-0.6032956145307677,-0.12943711871672398,-0.03093065316000653,-0.8594947645663653
2023_15_BAL_JAX,2023,15,2023-12-17,JAX,BAL,7,23,185,-225,-4.567850500096,-5.903219441664003,28.979428655104016,-85.998886834176,0.06082444411362797,-1.0759752646054066,-0.11629829514879284,-0.036004351851271224,5.553467173734337
2023_15_PHI_SEA,2023,15,2023-12-18,SEA,PHI,20,17,195,-238,-0.04849164288000196,2.4137382625280033,28.84162671411201,-26.655745966080005,0.0016202467281993815,0.06857881444279457,0.029279102168681063,-0.0036604533209610712,-2.6701681609395145
2023_16_NO_LA,2023,16,2023-12-21,LA,NO,30,22,-218,180,4.2761680470015975,-9.925002395648,44.77885815930878,58.703756057804796,-0.05959694270733318,0.8320167964193805,0.0798054631152923,-0.13875894907293124,-4.3457202245993125
2023_16_CIN_PIT,2023,16,2023-12-23,PIT,CIN,34,11,130,-155,-13.3316845273088,-1.1192877613055998,-114.03954375065604,5.865744855859191,-0.07258268830082815,-1.4381292641016552,-0.30591338924083444,0.07845850149646556,-5.500941515295799
2023_16_BUF_LAC,2023,16,2023-12-23,LAC,BUF,22,24,550,-800,-12.474152398028801,-19.019377079091203,55.22910077009922,-106.1774908096512,0.09731295495459213,-0.2898770472673986,-0.42988940721738184,-0.13631018976144077,0.7776505719228464
2023_16_IND_ATL,2023,16,2023-12-24,ATL,IND,29,10,-155,130,-9.125328726425604,5.157177536511998,-34.93814360801278,-17.497918369792018,-0.0480919338100797,-0.5999826275904869,-0.16573144285989538,-0.006389839495083149,-1.1171973453598607
2023_16_GB_CAR,2023,16,2023-12-24,CAR,GB,30,33,164,-198,-12.088112650649599,8.949328542105604,-99.57737076572164,43.35969842626561,-0.11083288641207456,-1.3983137507094554,-0.2632256228298421,0.31782107549436245,-6.713641335719502
2023_16_CLE_HOU,2023,16,2023-12-24,HOU,CLE,22,36,136,-162,-4.7925932105728,2.2232879546368025,-78.6972079620096,44.9628036349952,0.0005367338378725606,-0.12060149799457953,0.07347191394994368,-0.0571664063490641,0.5821796426148778
2023_16_DET_MIN,2023,16,2023-12-24,MIN,DET,24,30,124,-148,-13.5902420238336,6.627409883955199,-7.860797739008007,-30.53667904634878,0.01985916827036982,-0.7711554104327449,-0.14903274679242973,0.0879974968443043,3.769299136496198
2023_16_WAS_NYJ,2023,16,2023-12-24,NYJ,WAS,30,28,-166,140,-6.909541838028799,13.185630974771197,-27.985716972748776,-56.143907722035195,0.0075013788146346405,-1.2707270441770984,-0.19442964177269628,0.282453903827387,1.4020540231972873
2023_16_SEA_TEN,2023,16,2023-12-24,TEN,SEA,17,20,140,-166,0.022968890163205913,2.1895474757631987,-13.423125902131176,4.72569829375999,-0.03894126769633888,-0.6044556212170633,-0.10209894267648298,0.18328696902009736,3.8269767289045022
2023_16_JAX_TB,2023,16,2023-12-24,TB,JAX,30,12,105,-125,8.920083335577601,4.126057498214401,-10.003817422847987,38.922825552691194,0.014973511855423616,0.8897314134302983,0.22491897444517261,-0.00530816011360194,-0.31943944890113674
2023_16_ARI_CHI,2023,16,2023-12-24,CHI,ARI,27,16,-218,180,-3.077085364223997,13.0807867506688,-7.70328957911039,-44.71207981875202,-0.048345697495364215,-0.8940975837076595,-0.10410661034739381,0.4404208263239885,2.072883829051654
2023_16_DAL_MIA,2023,16,2023-12-24,MIA,DAL,22,20,-122,102,4.538044576563198,11.153181781196801,17.02407653539842,2.704024417075175,0.1336097621570531,0.6064521186552536,9.314360312460968e-05,0.31484571025172514,10.054063709565126
2023_16_NE_DEN,2023,16,2023-12-24,DEN,NE,23,26,-340,270,6.190662057983998,-5.953739626905598,19.41894354288641,12.76747857264641,-0.06191190373518185,0.07927201669618889,0.15285610136366606,-0.08633180660924589,-1.0212062642595923
2023_16_LV_KC,2023,16,2023-12-25,KC,LV,14,20,-600,440,-8.500680373862401,-2.0977914896384,46.149174368665626,-19.205389706035206,0.04905271016672119,0.262515853452574,0.06234224018114173,-0.08813754089422379,9.226998774430514
2023_16_NYG_PHI,2023,16,2023-12-25,PHI,NYG,33,25,-900,600,5.369868927795199,-5.882308616192002,21.758921919692796,26.107658535731204,-0.051593538992500965,0.30109856604177665,0.21908434637326807,-0.1372388168178133,-1.5660674303124114
2023_16_BAL_SF,2023,16,2023-12-25,SF,BAL,19,33,-345,275,8.875709506355204,-5.2214213607424025,74.72447819038723,-46.51868742778882,0.09563819238220739,1.8614275731167185,0.2597232167294161,-0.07933958198867544,6.731081880767429
2023_17_NYJ_CLE,2023,17,2023-12-28,CLE,NYJ,37,20,-345,270,9.1799089496064,1.30902275702784,126.25197031849981,-32.214688700825604,0.037466913016128145,1.2760851349504607,0.1835833577194824,0.05850163308394814,5.478492784590873
2023_17_DET_DAL,2023,17,2023-12-30,DAL,DET,20,19,-238,195,-6.550689992704001,0.7813179804876782,-10.567413753118728,-46.77992783085567,-0.05591557659925317,-0.44654404793604296,-0.04196851749910267,-0.022742830349735548,-2.9058607169441086
2023_17_MIA_BAL,2023,17,2023-12-31,BAL,MIA,56,19,-180,150,2.7492663163289635,-1.7422244441292793,-31.565023721062403,53.71815636795394,-0.11183092483297496,0.08525905508249032,0.027528484168062972,0.024158643400878074,-6.462469979359321
2023_17_NE_BUF,2023,17,2023-12-31,BUF,NE,27,21,-1200,750,7.346009900646401,1.873569320304643,-2.807838428692463,77.03358788878336,-0.09605380296426536,0.7165594441657301,0.25277427219870974,-0.029757432489540867,-4.1630490041439145
2023_17_ATL_CHI,2023,17,2023-12-31,CHI,ATL,37,17,-155,130,1.668854570352643,-3.2856985976832007,-29.9287947832525,43.65566613815295,-0.06618725286516558,-0.19660955760947196,-0.003776723614738905,0.041873975993426515,2.020110372866429
2023_17_TEN_HOU,2023,17,2023-12-31,HOU,TEN,26,3,-230,190,0.11232897499135674,-5.292710615941118,15.35818189930498,-21.334976684359674,-0.08660481192259284,-0.23054730935716083,-0.1924805900848984,0.06474832392264328,-13.179789321791091
2023_17_LV_IND,2023,17,2023-12-31,IND,LV,23,20,-180,150,-7.85422808154112,-8.517649779425282,60.89770997334017,-17.344957785374717,0.051762973639244536,0.011016608596018607,0.03289040109770995,-0.17969762663219027,3.9931942135749283
2023_17_CAR_JAX,2023,17,2023-12-31,JAX,CAR,26,0,-192,160,-1.9762927892889621,-3.8649250209792,64.59509063303167,-62.57014379429888,0.02365400035618881,0.16778395897592446,-0.07759901512062956,-0.024278299526291146,-3.775214977314069
2023_17_LA_NYG,2023,17,2023-12-31,NYG,LA,25,26,240,-298,-11.04581720342528,-3.2559659796070406,-103.03519612633087,-41.452475452293115,-0.08257157433250806,-1.3454753246978068,-0.25393458030156896,-0.09400665170279926,-6.120926100970198
2023_17_ARI_PHI,2023,17,2023-12-31,PHI,ARI,31,35,-750,525,4.613731027681279,2.7477940040499185,30.375672781537304,11.830586167623665,-0.01034047876941524,0.326797686827633,0.11794928645842488,0.09549532276893935,2.1368557298062476
2023_17_NO_TB,2023,17,2023-12-31,TB,NO,13,23,-148,124,5.075237541969919,2.347185666785279,17.231376750673917,22.794088730132472,-0.020239321437312774,0.1199815703633309,0.15641770174618036,0.01906452845667339,0.6503333171321692
2023_17_SF_WAS,2023,17,2023-12-31,WAS,SF,10,27,675,-1050,-7.921209045811203,-6.788620407767038,-113.78321126424578,-33.98668200116222,-0.10966277472383523,-2.5579923750033497,-0.25318315407973974,0.00706455153542933,-12.805905770717542
2023_17_PIT_SEA,2023,17,2023-12-31,SEA,PIT,23,30,-225,185,-1.9782585614336021,-3.2977082046873605,11.546577519575067,-31.728209700782088,0.023596703749826253,-0.3654597443885681,0.14757987271493017,-0.21813665638174146,-0.8625274883718583
2023_17_LAC_DEN,2023,17,2023-12-31,DEN,LAC,16,9,-198,164,3.452878772961281,5.565813151006722,-17.078255907635196,6.733393740595204,-0.02531473808322482,-0.06507000578757793,0.13336780834829284,0.09623923777923168,2.8801928663943204
2023_17_CIN_KC,2023,17,2023-12-31,KC,CIN,25,17,-345,275,-1.77963200987136,7.3928183717888025,-50.17430528098305,0.5142805471231924,-0.050360884424533126,-1.09537057912536,-0.06295375245778144,0.25540705694421434,-0.9627867170584952
2023_17_GB_MIN,2023,17,2023-12-31,MIN,GB,10,33,-112,-108,-6.820282483507199,5.715274428579839,60.89758676729855,-38.63737609338878,-0.008786183997588015,0.7353701769792167,-0.1516574509960249,0.16776006251868342,1.5344657094370668
2023_18_PIT_BAL,2023,18,2024-01-06,BAL,PIT,10,17,130,-155,15.071004301524997,2.3742452646215675,30.934315721981932,14.756086921199625,0.026758927122659593,1.140780122329475,0.18764240419482292,0.13886368245952607,-0.26766322373874907
2023_18_HOU_IND,2023,18,2024-01-06,IND,HOU,19,23,105,-125,-1.3693757390192616,-5.310736113139715,5.7240454663700575,13.40052624844391,-0.017804191660685253,0.6817688086037492,0.1243190877466056,-0.2054695086941404,2.4000815431358093
2023_18_TB_CAR,2023,18,2024-01-07,CAR,TB,0,9,200,-245,-11.545454327234557,-4.686425686769663,-108.67568010759373,15.609869077610497,-0.07430797270677403,-1.8884761608209315,-0.23907434214354167,-0.062256421600269535,-0.8569031036976376
2023_18_CLE_CIN,2023,18,2024-01-07,CIN,CLE,31,14,-360,285,-11.974638174568451,-4.590658541158401,-56.58728944264806,1.4116016058204082,0.027667110744967305,-0.8129803613129392,0.060976445042968466,-0.2696197735164257,1.7809500051925162
2023_18_MIN_DET,2023,18,2024-01-07,DET,MIN,30,20,-205,170,9.932487128580096,4.254132441776129,14.6698871860429,64.43320445668554,0.02975546132742868,0.1595052787934952,0.20092833918939074,0.11995719177703242,-1.408490371028442
2023_18_NYJ_NE,2023,18,2024-01-07,NE,NYJ,3,17,-142,120,0.6402646278799367,5.934423551672317,-15.112106948362253,-12.464596392017938,0.04356122216782232,0.7825119504218181,0.01226515999748673,0.0027603116406204747,7.434092648464787
2023_18_ATL_NO,2023,18,2024-01-07,NO,ATL,48,17,-175,145,3.952219101069314,5.732385565605892,37.228827894808575,-43.23252386408038,0.176856121572878,-0.25437627510265504,0.055477431407875616,0.00506222983870544,12.903834089239819
2023_18_JAX_TEN,2023,18,2024-01-07,TEN,JAX,28,20,154,-185,-7.439034929905661,-6.865537696759809,-47.530251124506606,-5.212001799733258,0.006774752848976662,-0.6036747101453326,-0.14214292201367631,-0.18711799696601034,1.0707420790023865
2023_18_SEA_ARI,2023,18,2024-01-07,ARI,SEA,20,21,130,-155,4.730235578253314,-4.922043867136001,-39.25519503917059,89.97128942809907,0.017527102979007836,-0.49350949147564105,-0.03568747545054947,0.00302824656107481,-1.998704813497488
2023_18_CHI_GB,2023,18,2024-01-07,GB,CHI,17,9,-148,124,0.7223151110389772,-3.6760678376407014,47.977104183230466,-35.50909266473781,0.09914012345453904,0.44305253395076694,0.18502717980986183,-0.11747337555461912,4.060913017928108
2023_18_KC_LAC,2023,18,2024-01-07,LAC,KC,12,13,-185,154,-7.188352284295169,-6.498856740749318,-25.253643308204033,-14.539697063821322,-0.033623898272889696,-1.0136846016730878,-0.16522412849031626,-0.09898542576348364,-6.71015282252413
2023_18_DEN_LV,2023,18,2024-01-07,LV,DEN,27,14,-175,145,4.816869955108864,0.15457378641510644,-5.273105919934466,9.493601113636856,-0.04702686954363988,0.12302250195522824,0.04428607871500369,-0.024952118907904136,-6.047314138676388
2023_18_PHI_NYG,2023,18,2024-01-07,NYG,PHI,27,10,190,-238,-6.253152814006274,3.797631101829122,19.04678810891059,-19.158757072863224,-0.06625730585144585,-0.24911309628558076,-0.25064815161301024,0.1173548622173608,-6.609197516271943
2023_18_LA_SF,2023,18,2024-01-07,SF,LA,20,21,-245,200,0.6204031577620484,4.235315272679426,-19.1709330556846,26.023915940478958,0.007379049371483037,0.36907606402372295,0.10026811749719257,-0.018124320863273653,3.0935126455205912
2023_18_DAL_WAS,2023,18,2024-01-07,WAS,DAL,10,38,575,-850,-5.154214167838717,-9.063073159774206,-94.81946128990208,-0.4143940637818986,-0.09758045989469188,-0.7384003647506665,-0.18581871694113689,-0.09910687318274204,-8.299030044102432
2023_18_BUF_MIA,2023,18,2024-01-07,MIA,BUF,14,21,130,-155,-2.572525291175939,-11.927173693767681,58.77979695841279,-18.87590670739047,0.10265688234812709,0.6045235356159031,-0.04640966617065642,-0.31895714209401516,3.985132349989508
2023_19_CLE_HOU,2023,19,2024-01-13,HOU,CLE,45,14,124,-148,-2.0912001334837242,7.344230198201551,-24.31059691979408,-9.136034414841035,0.11533866251988589,-0.5013497733644874,0.12736437025967884,0.007435959897782188,6.349411509733458
2023_19_MIA_KC,2023,19,2024-01-13,KC,MIA,26,7,-230,190,-1.8458903726915565,11.459432811626495,-6.714206423783821,-7.732975752157586,-0.043166603151887806,-0.4134705026473924,-0.07080241421824288,0.2377492258708207,-5.649256749871478
2023_19_GB_DAL,2023,19,2024-01-14,DAL,GB,32,48,-345,275,4.265942185712021,-0.7887472676700149,7.3207945967304795,-31.050306738716657,-0.017342276080767327,-0.5460729369527524,-0.058163940136132436,0.05235923704485135,-2.313083757653862
2023_19_LA_DET,2023,19,2024-01-14,DET,LA,24,23,-162,136,2.2513835362418675,0.9338552397004776,46.07142983652474,-9.051445498753864,-0.022131431128553203,0.7213052261305934,0.002545961912998579,0.009664458970580292,-3.8372784195695906
2023_19_PIT_BUF,2023,19,2024-01-15,BUF,PIT,31,17,-485,370,2.3163818817421316,-1.2719478250799092,52.736119797723944,-11.399340115309371,-0.11781552536287354,0.08028566077825339,0.018270102629477602,-0.02114738613482721,-6.427288219876324
2023_19_PHI_TB,2023,19,2024-01-15,TB,PHI,32,9,136,-162,-3.30396427821384,16.807513771258677,14.955805738657375,-34.67850244653056,0.020840105622630167,-0.1807266998426016,0.01686113399177097,0.23954555459047003,-2.888612645703274
2023_20_HOU_BAL,2023,20,2024-01-20,BAL,HOU,34,10,-425,330,-3.162091429340119,-1.1329441570593168,-29.363043357411243,56.12204625450762,-0.08039118569514847,-0.32797330812256664,-0.057845553028491724,-0.0811935464534809,-3.6383971458768443
2023_20_GB_SF,2023,20,2024-01-20,SF,GB,24,21,-470,360,-8.583426334145912,2.2862189396688883,-36.701566857362764,5.111200014855029,-0.09171359095245857,-0.7078163073271408,-0.14744083939270297,-0.02935444175147646,-7.150743270542337
2023_20_TB_DET,2023,20,2024-01-21,DET,TB,31,23,-278,225,3.05197019157103,-11.229759270681313,13.893820541215746,-4.327183679869421,0.09316584657758598,0.5849747396901686,0.0812179196158799,-0.2447103591393566,6.725684111852924
2023_20_KC_BUF,2023,20,2024-01-21,BUF,KC,24,27,-142,120,5.71364332843827,-4.9018771572195305,3.9077969492416855,29.03511186595513,0.08291581344278298,0.27719408850697036,0.10968838995440011,-0.06659260962888225,7.015589582798855
2023_21_KC_BAL,2023,21,2024-01-28,BAL,KC,10,17,-218,180,6.9798752485279,2.490429361023354,-30.94339642154523,41.01749865759743,0.02709513520378104,-0.4151781953102063,0.012760034746247775,0.10829651608365498,-0.4468682036573517
2023_21_DET_SF,2023,21,2024-01-28,SF,DET,34,31,-325,260,-3.3363644103983106,1.9233391904337438,-39.09476299164484,25.596551787972103,-0.08325797725024375,-0.05484510039415458,0.018045464754806895,0.04429629471020546,-2.095942580999019
2023_22_SF_KC,2023,22,2024-02-11,KC,SF,25,22,100,-120,-7.48674032033092,10.475920108397318,-22.68709757115741,-24.867766060173594,0.058966233817367875,-0.5820956284426346,-0.11713917487620269,0.17996256961199172,7.3666642815647
2024_01_BAL_KC,2024,1,2024-09-05,KC,BAL,27,20,-148,124,0.2362950306723306,-1.8098450466692366,46.50815290767093,-15.663112109655387,0.09186749845462228,-0.32292687425455924,0.047475761445704784,-0.017103071029006586,7.578046100968075
2024_01_GB_PHI,2024,1,2024-09-06,PHI,GB,34,29,-130,110,-12.852162440179486,-7.007417982616861,-18.183850296866495,-44.03847188112397,-0.03418874499945712,-0.8273658955097227,-0.3029105341091543,-0.0723882324991748,-0.7902204773710322
2024_01_PIT_ATL,2024,1,2024-09-08,ATL,PIT,10,18,-192,160,-1.5554278519249287,-10.936556268887738,30.435064583389163,-22.144434544539067,-0.07268763897897201,0.3709868604870996,-0.12341764085188581,-0.04876161498980555,-10.284820950629257
2024_01_ARI_BUF,2024,1,2024-09-08,BUF,ARI,34,28,-310,250,2.1478620650096545,5.232030342106842,-19.460180759502407,-19.1456547524389,-0.04195205467628582,-0.8442784457391745,-0.012452781501832613,0.12028533991783577,-0.48693009109787977
2024_01_TEN_CHI,2024,1,2024-09-08,CHI,TEN,24,17,-198,164,1.8645296280043517,5.015281363098008,4.194367622270136,12.376213584556865,-0.02307715463331561,-0.022949233450943574,0.006869813059874878,-0.004248165818579269,0.2861730535118241
2024_01_NE_CIN,2024,1,2024-09-08,CIN,NE,10,16,-375,295,11.015825540389274,-0.563801063168409,67.28559981808846,39.528430866405785,0.13052633447577133,1.1477149203714907,0.3497251224705432,-0.09754169378253352,8.181104712564277
2024_01_HOU_IND,2024,1,2024-09-08,IND,HOU,27,29,130,-155,-2.9231732531700665,0.638998593726317,-32.00447607164028,96.31615228440872,-0.07540163402364974,0.11967899036792762,0.039758711236899544,-0.08773504599545906,-5.14721932881139
2024_01_JAX_MIA,2024,1,2024-09-08,MIA,JAX,20,17,-180,150,-5.260531099119124,-5.721584715708495,-45.74208273018914,9.72247675567472,-0.06935797250246734,-0.04963060715900447,-0.06740146967559846,-0.1438676271039705,-9.274214913950974
2024_01_CAR_NO,2024,1,2024-09-08,NO,CAR,47,10,-192,160,26.700187081231565,1.1668685720190979,102.76211243431365,3.8682066105860002,0.13818279741806094,1.1498542359236632,0.3359421344850911,0.15594964003519934,11.963018603960975
2024_01_MIN_NYG,2024,1,2024-09-08,NYG,MIN,6,28,-105,-115,5.89161454767309,8.206476472706665,-45.082168130378136,25.18847700993966,0.02445299794544742,-0.44659352438607236,0.03004019642052557,0.22762284566709634,2.543531720743473
2024_01_LV_LAC,2024,1,2024-09-08,LAC,LV,22,10,-155,130,-11.813158331331378,-3.376437006211482,13.952035678709336,-16.12018241479639,0.027206247144991536,-0.4294591784589956,-0.23775368981571157,-0.028384786232693623,-4.331347173091505
2024_01_DEN_SEA,2024,1,2024-09-08,SEA,DEN,26,20,-278,225,4.070825595849936,-0.8827344138862578,-10.952665530269684,25.57550089129819,0.023237064527394158,1.0984482502515105,0.17979427175823384,-0.2047468994998566,0.3204265639055448
2024_01_DAL_CLE,2024,1,2024-09-08,CLE,DAL,17,33,-130,110,-9.667333389515488,-3.930299647670349,-57.78112939523703,-32.94700506311557,-0.07271781651071985,-0.44058284688879557,-0.34081927463813894,0.05478745702910866,-6.412955799053674
2024_01_WAS_TB,2024,1,2024-09-08,TB,WAS,37,20,-198,164,8.763273250994127,14.59058808905925,127.48063790615728,25.293521331572435,0.01513108426886356,1.6667287920174916,0.2533273324599874,0.20616495127944665,1.7297571766311286
2024_01_LA_DET,2024,1,2024-09-08,DET,LA,26,20,-225,185,4.901037202461161,-4.0779889939228156,-12.692551394591533,35.51781310051186,-0.021326660762570504,-0.38354657835548256,-0.02977721343262199,-0.06442139120499034,-4.476553044824658
2024_01_NYJ_SF,2024,1,2024-09-09,SF,NYJ,32,19,-180,150,7.607949463637198,-6.0939429379898336,98.48248484210455,-5.83973792486114,0.0939559456874457,1.4562225568395295,0.3380171840041524,-0.31485305443234496,8.22538874534758
2024_02_BUF_MIA,2024,2,2024-09-12,MIA,BUF,10,31,-135,114,-12.206091363717274,0.9919256811721979,39.74678231959555,-57.99441414247221,-0.10864470025449946,0.11969638419399775,-0.20439536250596224,0.02347810153157617,-11.694223145544829
2024_02_LV_BAL,2024,2,2024-09-15,BAL,LV,23,26,-455,350,2.2600878918690945,-1.1923618818338326,5.554425584472227,58.410921806416255,-0.03622888980454664,0.6989820930633792,0.1085909336138029,-0.10633714327593115,-0.8620926028591942
2024_02_LAC_CAR,2024,2,2024-09-15,CAR,LAC,3,26,185,-225,-8.9389742421128,-13.676442279490356,-51.11698888303968,-40.88276421090869,-0.10751437454473634,-1.0163041574840186,-0.17702906893817508,-0.23464489008578376,-5.162753174787223
2024_02_NO_DAL,2024,2,2024-09-15,DAL,NO,19,44,-290,235,-7.573468496970381,-10.05404719247393,45.07183028664062,-32.19301391118708,-0.09675236004519738,-0.3429011867500087,-0.10363297341570134,-0.2261998869353123,-8.843916055769267
2024_02_TB_DET,2024,2,2024-09-15,DET,TB,16,20,-375,295,-0.6724941378733185,-4.90633131843747,-41.753691696876245,43.26566696519396,-0.03990253653442355,-0.27728894430761564,-0.03142221559251268,-0.05784728810754253,-6.135311571268563
2024_02_IND_GB,2024,2,2024-09-15,GB,IND,16,10,120,-142,6.044399688846305,-2.144475596069274,52.45768952705123,9.87148014124486,0.07159402194847031,0.31777444699110635,0.1496630219835885,0.04173329173318532,7.620237152100027
2024_02_CLE_JAX,2024,2,2024-09-15,JAX,CLE,13,18,-170,142,-0.12912296054567918,12.461282033333173,-15.163880533351744,21.27714192313627,0.030347862598770425,0.7487704413141483,0.1961798208588503,0.008702303743655323,5.714786727632012
2024_02_SF_MIN,2024,2,2024-09-15,MIN,SF,23,17,180,-218,-6.611322283416619,3.353161963157522,20.003466062468476,-55.42301413428804,0.06206003222524703,0.40673298270625846,-0.09853980531287651,0.06284741295636515,6.968411573865782
2024_02_SEA_NE,2024,2,2024-09-15,NE,SEA,20,23,142,-170,-8.905605160224686,5.368445303978721,-60.709895764996276,0.4144342422060987,-0.0834033748890406,-1.3288374164354346,-0.2582796023022275,0.12798829059303718,-4.37184132993324
2024_02_NYJ_TEN,2024,2,2024-09-15,TEN,NYJ,17,24,150,-180,-0.48012280557338727,1.208512527482224,-18.297299853330344,23.656361555538737,0.045566586355694993,0.10482701054407606,0.024937957863942373,-0.01660668616935647,8.816602110462878
2024_02_NYG_WAS,2024,2,2024-09-15,WAS,NYG,21,18,-125,105,0.1142604988389806,-11.862339858317966,-56.05510716983608,4.853221124016699,0.046675770308569176,0.10994541144216097,0.11142784263317276,-0.2329316284479574,-1.7243383115313202
2024_02_LA_ARI,2024,2,2024-09-15,ARI,LA,41,10,-108,-112,2.791461120977665,-5.257145774567064,-96.16110375375683,66.75743290617706,0.003465839230180068,-0.5023412850900204,-0.028767576283951005,-0.09460040564370498,-1.4074206995167444
2024_02_PIT_DEN,2024,2,2024-09-15,DEN,PIT,6,13,130,-155,-0.9177740264365113,-6.431738180818172,8.010234938566896,-47.634116025266735,-0.09328610020274863,-0.6273606714751709,-0.0968350240817251,-0.09355730262989459,-8.304969504953744
2024_02_CIN_KC,2024,2,2024-09-15,KC,CIN,26,25,-290,235,5.9095525725928475,0.7968536355281408,76.1511343902034,-2.8060423552961993,0.009361680876852074,0.9927921089358724,0.14571235205410143,-0.006788004304263573,5.660669240214302
2024_02_CHI_HOU,2024,2,2024-09-15,HOU,CHI,19,13,-258,210,3.318473967650629,-7.8556584678681745,76.16008872776519,7.432414964238788,0.12806425774177166,1.2031000074891,0.1787000839915549,-0.10273046326935975,10.482607329938672
2024_02_ATL_PHI,2024,2,2024-09-16,PHI,ATL,21,22,-265,215,8.018144827683374,-2.6108965943713436,37.512162760529804,12.532127233295526,0.01884143438882202,0.12149208961318791,0.19235745539231572,-0.14671166891647952,7.6126307529943595
2024_03_NE_NYJ,2024,3,2024-09-19,NYJ,NE,24,3,-285,230,4.197702840377936,-2.1458354871612215,31.152215100846263,-41.41964717932413,0.015609933099872908,0.16729498742916515,0.050934174992806246,0.04146653214371226,-3.2234432110415767
2024_03_NYG_CLE,2024,3,2024-09-22,CLE,NYG,15,21,-270,220,1.5111819638212651,-2.873114811403024,3.4482889972036617,-7.030413421871572,0.023434933267794333,-0.6224520374859095,-0.10043328036015295,0.09471244220317211,0.03587869846519354
2024_03_CHI_IND,2024,3,2024-09-22,IND,CHI,21,16,-125,105,-0.7412579905508494,-3.7633555869794293,40.89444185086862,40.57326380093039,-0.06527047172578382,2.228464354135906,0.13393823934439783,-0.1715219556955818,-4.057693519106038
2024_03_HOU_MIN,2024,3,2024-09-22,MIN,HOU,34,7,114,-135,-0.5621729264684951,1.8408639937344589,29.308128511960547,10.255183064170183,0.007810266009531164,1.1925090661834474,0.024045869357422374,-0.012300314355390515,3.7726945662911326
2024_03_PHI_NO,2024,3,2024-09-22,NO,PHI,12,15,-142,120,18.58679242922095,10.38873323879368,12.558129168960761,17.526498505381312,0.04479759146915474,1.0557961203084218,0.23649859649863206,0.37659914844766107,-0.7142179020877473
2024_03_LAC_PIT,2024,3,2024-09-22,PIT,LAC,20,10,-148,124,-3.789042495162313,-1.870827707138627,-11.297882928769639,-29.010882556058817,0.02268944897217129,-0.4946087449576142,-0.020511938921202504,-0.12481404503860108,4.918832221294419
2024_03_DEN_TB,2024,3,2024-09-22,TB,DEN,7,26,-245,200,11.796221302432102,1.4250643536900789,33.629477048968965,12.805531630698411,0.07547437270225199,1.1801514068482408,0.27613462216804285,-0.05058229318969709,2.791972647259493
2024_03_GB_TEN,2024,3,2024-09-22,TEN,GB,14,30,-162,136,-6.036612488838504,-2.8354603460942904,-25.719027911116598,-62.31158877611779,-0.06281745481804213,-1.1904074962383895,-0.19909435202746142,0.024143014636876008,-2.952818725119835
2024_03_CAR_LV,2024,3,2024-09-22,LV,CAR,22,36,-245,200,15.936121544546975,7.741382689930347,129.56746048548848,-20.06707580412808,0.11847587741088339,1.183359386388151,0.3162749518633041,0.14472554014950628,13.99653838367135
2024_03_MIA_SEA,2024,3,2024-09-22,SEA,MIA,24,3,-205,170,8.952693589924174,5.048475143439596,7.284717810124391,-20.89671432010806,0.081753076511633,0.3398193309131772,0.19068041473293876,0.09058246471157257,7.70324847522361
2024_03_DET_ARI,2024,3,2024-09-22,ARI,DET,13,20,124,-148,8.470503279700583,0.8737885730719732,-52.32734375020115,44.86804702752195,0.0958115231813409,0.6140136389365507,0.14827513953666133,0.051661212287835254,10.964352279380511
2024_03_BAL_DAL,2024,3,2024-09-22,DAL,BAL,25,28,100,-120,4.255811971392699,-9.75832119038753,38.09734281216549,-62.02273124662298,0.04278492612329399,-0.6749956320471178,-0.04140439872419334,-0.14479739144754403,0.3698492763467089
2024_03_SF_LA,2024,3,2024-09-22,LA,SF,27,24,210,-258,-6.2303473388363955,-8.21428624811081,-9.730432061212866,-52.915368940286356,0.0035573811151526913,-0.3068520957780967,-0.06621208565077605,-0.19851576609269994,-1.0615908744847604
2024_03_KC_ATL,2024,3,2024-09-22,ATL,KC,17,22,142,-170,-7.16285246729808,-3.576543940273119,-5.87411723185906,1.0060226142066,-0.0709842997114557,0.1627699188697882,-0.09899104910289776,-0.027798392197951577,-7.063644365210511
2024_03_JAX_BUF,2024,3,2024-09-23,BUF,JAX,47,10,-218,180,13.349863622547481,1.2650740936416227,-30.47521917462541,19.416740117526217,0.1392818259577926,-0.2626887340975248,0.2274708257998582,0.06440919214871339,7.2673923422891935
2024_03_WAS_CIN,2024,3,2024-09-23,CIN,WAS,33,38,-355,280,2.726388380837083,6.207861769018798,27.957471481864644,-52.97378797323525,-0.03231838215974803,-0.2722511653439277,-0.060397288838716416,0.23319009651988598,2.2354675624220843
2024_04_DAL_NYG,2024,4,2024-09-26,NYG,DAL,15,20,205,-250,-7.1388531904281045,11.21092416294502,-100.30969734769337,33.88569495948998,0.011503980468526187,-0.4831125588977976,-0.013919215724147194,0.29557311656873275,5.358509071929084
2024_04_NO_ATL,2024,4,2024-09-29,ATL,NO,26,24,-142,120,-11.79860759549858,-7.8533171693025245,28.080743904832815,-25.98746490721517,-0.00028216091664112763,0.19521055950088062,-0.1262856356761204,-0.19288784088950284,0.5079617458391994
2024_04_CIN_CAR,2024,4,2024-09-29,CAR,CIN,24,34,170,-205,-7.8669053682928585,2.5742145023726586,-62.64342214928678,1.177370599945931,-0.07409809629029884,-1.198156181471382,-0.31097538530118307,0.1497693903963199,-10.850474695664898
2024_04_LA_CHI,2024,4,2024-09-29,CHI,LA,24,18,-162,136,-3.899214491201274,9.05922870779506,-8.043002029955403,-1.4318429497999574,-0.056777535656185374,-1.2046982800622974,-0.2149927867544688,0.36269875372341775,-4.014713330075318
2024_04_MIN_GB,2024,4,2024-09-29,GB,MIN,29,31,-135,114,-0.7261177788189705,-4.106505914580726,-33.50107570891217,75.14891190577832,0.04821948171253709,0.3406711877437374,0.04334468291707725,0.01069316210997251,0.8187930139157595
2024_04_JAX_HOU,2024,4,2024-09-29,HOU,JAX,24,20,-238,195,2.5724901010873946,4.888690040496556,54.95089480266981,-27.70734391185519,0.09515006636425338,0.3372393956601938,0.0016843879897901343,0.1674602026062061,2.7221686772537503
2024_04_PIT_IND,2024,4,2024-09-29,IND,PIT,27,24,110,-130,0.9586429210443299,-7.688605429223253,-7.934704021812479,15.670945017840566,-0.20838911582444364,1.1097145478065018,-0.10556193530470687,-0.14583907763657186,-16.72921084821614
2024_04_DEN_NYJ,2024,4,2024-09-29,NYJ,DEN,9,10,-425,330,3.615902175249463,0.5184683837361757,1.9419908305708304,15.429716212120127,0.025881220679056183,0.17713996063120696,0.13098436256939222,0.01482779606125087,1.1925372691930303
2024_04_PHI_TB,2024,4,2024-09-29,TB,PHI,33,16,-105,-115,-1.4512255900081108,-0.4461682048270603,-40.95298173653734,-63.96133073304293,-0.010651358540421985,-0.7481544723469185,-0.10297414020227115,-0.032957908899951906,-7.548171053471721
2024_04_WAS_ARI,2024,4,2024-09-29,ARI,WAS,14,42,-180,150,-2.018928899599313,9.077560896442492,0.9480825267338275,13.575868931602656,-0.09891308040265645,0.15514801977338166,-0.17705686938620785,0.25678799507759054,-7.259508961384375
2024_04_NE_SF,2024,4,2024-09-29,SF,NE,30,13,-550,410,12.753938788372396,-3.371792966902536,147.11554578640232,13.854828300635518,0.11950659797456586,1.7749154601049266,0.30049197849536313,-0.015018768342853428,9.16637995558474
2024_04_KC_LAC,2024,4,2024-09-29,LAC,KC,10,17,275,-345,-7.496313567265677,4.8908664141990545,-60.135714531865716,0.26534096377969263,-0.01886822924338427,-0.35777392595121693,-0.16668617375580938,0.11652256850223364,-0.8739184098505159
2024_04_CLE_LV,2024,4,2024-09-29,LV,CLE,20,16,114,-135,4.78502518822685,-3.2828122844105074,63.1427250516619,-24.44174000870312,0.10069573844076918,0.9631269125387609,0.1541007698362883,-0.03757280224517982,7.036182877311697
2024_04_BUF_BAL,2024,4,2024-09-29,BAL,BUF,35,10,-135,114,-12.284777078432317,-8.477168550055604,0.16644675885376614,72.95637667876196,-0.03743565277273253,0.7973446968672127,-0.15606160966135907,-0.15036066961500397,-6.774370493337289
2024_04_TEN_MIA,2024,4,2024-09-30,MIA,TEN,12,31,-135,114,-6.5113757904939575,0.6907113869070365,14.66043067601521,1.2043304124711796,-0.07286939102655188,-0.24112741778331603,-0.048182031561693955,-0.03820747127492156,-7.340659323683815
2024_04_SEA_DET,2024,4,2024-09-30,DET,SEA,42,29,-185,154,-1.5476634368787217,-4.864570029024012,-19.319867026955848,66.64665089336847,-0.02591160323197217,-0.20905908692694908,0.03633721742214256,-0.12025755753226311,-2.425086434746505
2024_05_TB_ATL,2024,5,2024-10-03,ATL,TB,36,30,-142,120,-3.0371839287747413,-4.624345412719556,-38.218838114352025,-0.026141042566081296,-0.04172839216984814,0.30514343811073186,-0.08838076533829672,-0.062139996025364685,0.2150493947221952
2024_05_NYJ_MIN,2024,5,2024-10-06,MIN,NYJ,23,17,-142,120,11.737144637269392,-7.502292020721459,28.751278705029932,22.228598911931783,0.051049789389878364,1.2916344411003422,0.10621939174332515,-0.0945403822335101,8.718981056076572
2024_05_CAR_CHI,2024,5,2024-10-06,CHI,CAR,36,10,-198,164,-0.31919823273716474,10.414258311578656,-1.8047897350207052,-22.8010486082555,0.03387167771364985,-0.2850708329664231,0.03765548362119619,0.16353157538135546,8.11484833904631
2024_05_BAL_CIN,2024,5,2024-10-06,CIN,BAL,38,41,124,-148,0.44696048029507907,-8.521876303322415,56.798011588550224,-110.27503418066736,0.00015879044509192752,-1.0856717026428822,-0.023008624586305898,-0.17496715771681173,-1.2218793553272755
2024_05_BUF_HOU,2024,5,2024-10-06,HOU,BUF,23,20,-118,-102,-6.542456843464656,-0.4022126494130518,93.301615784467,-22.81443278942254,0.007439466064209532,0.5534151936423299,-0.12007275901278278,0.03342241431843611,-5.2951902123692305
2024_05_IND_JAX,2024,5,2024-10-06,JAX,IND,37,34,-185,154,-5.855850807041595,-6.7312282420448675,-13.257956782717287,-12.68056698894624,-0.005868546262803087,-0.6528777464917743,-0.06696595833728505,-0.1613881168898119,-2.6992119225346993
2024_05_MIA_NE,2024,5,2024-10-06,NE,MIA,10,15,110,-130,1.267358977764168,2.945035237297656,-23.162839073594427,2.502700641077624,-0.035937168284991605,-0.2769567042453822,0.029203555390728997,-0.07533173076645491,-2.997345208445906
2024_05_CLE_WAS,2024,5,2024-10-06,WAS,CLE,34,13,-155,130,15.832654760773565,-1.5759440772915916,30.282712812322103,74.92324459466136,0.16314745790931384,1.6159372163730144,0.49684203458459153,-0.17440737631726191,13.66687639946198
2024_05_LV_DEN,2024,5,2024-10-06,DEN,LV,34,18,-155,130,-6.104479807709264,10.16846034236836,-59.94004328366589,11.849937577403594,-0.0782830670533271,-0.9651262952134738,-0.04971778956217565,0.16530625218788397,-2.188669874044794
2024_05_ARI_SF,2024,5,2024-10-06,SF,ARI,23,24,-325,260,6.215969439849925,9.548686536626377,95.87375395284812,-19.802072689231153,-0.0581895365177848,0.7866156922585334,0.12074681631097982,0.3107294607567936,1.6979656244271135
2024_05_GB_LA,2024,5,2024-10-06,LA,GB,19,24,130,-155,-7.323208761471733,-3.361522484613481,-36.77905878618256,-50.103508908963875,0.017593208965935414,-0.6079382966836446,0.04417283117283613,-0.2223307931033482,-0.4646865535336906
2024_05_NYG_SEA,2024,5,2024-10-06,SEA,NYG,20,29,-310,250,8.484539809424657,-5.519550740422691,73.80271033360165,33.6773296558202,0.03928848448359379,1.2833043470457852,0.08811734988265918,-0.08747364203861238,-1.8666492383046989
2024_05_DAL_PIT,2024,5,2024-10-06,PIT,DAL,17,20,-135,114,-3.046511912344073,6.528261584440706,-39.5450533690219,47.96233077745957,-0.004353518575971438,-0.20315963095377754,-0.03825656773687519,0.15013224694233962,2.610632435150902
2024_05_NO_KC,2024,5,2024-10-07,KC,NO,26,13,-230,190,-6.100537669071841,4.17556551691681,18.24312854636895,-16.91464708544349,-0.029174335627040637,0.14330749003055754,-0.0743004461892738,0.01709614232878369,-3.0854010859639276
2024_06_SF_SEA,2024,6,2024-10-10,SEA,SF,24,36,164,-198,-1.5940515350489406,-5.158705043310729,36.301606008038675,-37.8830488660187,0.09846991693916729,-0.054048261515490026,-0.042561121015952386,-0.07754309980107812,-0.11358148132046986
2024_06_JAX_CHI,2024,6,2024-10-13,CHI,JAX,35,16,100,-120,1.8336222101839397,15.171621752014477,-19.134425370157288,-13.363484787633212,0.008845773642527588,-1.3030407438045675,-0.015260931015118592,0.3259084808554626,1.8868042080447485
2024_06_WAS_BAL,2024,6,2024-10-13,BAL,WAS,30,23,-285,230,0.4807236020837635,-6.665976075898495,26.600006886952627,23.026682306181613,-0.03300365486252599,0.530281714367181,0.005390344818795106,-0.10617043431727675,-1.1024350650117194
2024_06_ARI_GB,2024,6,2024-10-13,GB,ARI,34,13,-238,195,4.3297518956043355,5.363839583151982,63.5059143181964,-23.02485795926222,-0.05206606287210003,0.1899698240408192,-0.022725498302668668,0.1459528623717997,-4.585805677775467
2024_06_HOU_NE,2024,6,2024-10-13,NE,HOU,21,41,215,-265,-9.766419948000463,1.2665023003063425,-157.85708992621727,30.944603985435705,-0.1271791455407585,-1.3084798102050064,-0.18716566829066403,-0.04940190053770621,-7.284436092202336
2024_06_TB_NO,2024,6,2024-10-13,NO,TB,27,51,145,-175,-4.854811622885357,3.5725869333171723,-32.00037067435102,-25.940197258942177,-0.07036402880048942,-1.0311673295902928,-0.0813636890898808,0.07444656666824828,1.5512585656944562
2024_06_CLE_PHI,2024,6,2024-10-13,PHI,CLE,20,16,-425,330,2.7984837935048823,1.192082522576115,44.29305063059468,42.44405626911576,0.05490366342998776,1.2210611735263157,0.20657072795788572,-0.09994681460316708,7.399011415432524
2024_06_IND_TEN,2024,6,2024-10-13,TEN,IND,17,20,-135,114,-4.805832598767953,7.137759071782419,-109.0115075714414,-11.289787521099171,0.005862381974698572,-1.6253494841565796,-0.24766466326656328,0.2469283620444639,-0.4212390044054888
2024_06_LAC_DEN,2024,6,2024-10-13,DEN,LAC,16,23,130,-155,8.84851792454293,0.9571519290551542,5.311678089728673,13.832782919431665,-0.01778435916412846,0.015127231816058462,0.0816531650195176,0.07055246861433634,-1.960237546393497
2024_06_PIT_LV,2024,6,2024-10-13,LV,PIT,13,32,150,-180,0.8429443707993833,-8.387429473655054,15.891752418237814,-6.608143983316737,-0.015236318163501017,0.2847647434409666,-0.16511973056656412,0.03449715718369849,-6.326753635938118
2024_06_ATL_CAR,2024,6,2024-10-13,CAR,ATL,20,38,210,-258,-10.713187813057079,-5.5944215192112985,-138.69120966863207,35.01821562055831,-0.0399553156226129,-1.2482857043961628,-0.19592094177801153,-0.03275439590491043,-4.915122910258605
2024_06_DET_DAL,2024,6,2024-10-13,DAL,DET,9,47,150,-180,-7.858917861350658,1.440046065705463,40.568196439626604,-52.95692278006405,-0.12608831169935408,-0.8777258194585951,-0.11637835787045252,-0.05695958873476978,-9.089337161310286
2024_06_CIN_NYG,2024,6,2024-10-13,NYG,CIN,7,17,190,-230,-10.750908050910343,12.609261103529953,-57.83327195087199,15.654960744546244,-0.06279965138769028,-1.0622568405813482,-0.212096768327699,0.22700017888844692,-2.827542768583073
2024_06_BUF_NYJ,2024,6,2024-10-14,NYJ,BUF,20,23,102,-122,-6.721190240557622,6.385674245431687,55.31675800624572,-54.33069947895183,0.0755564174982516,-0.6768086228397525,-0.21017836583615518,0.17377963405785038,3.383576420042772
2024_07_DEN_NO,2024,7,2024-10-17,NO,DEN,10,33,124,-148,3.7263033070639864,-15.84135949977146,26.46695782093576,-19.3125214560268,0.00662058130156562,-0.3362988028996723,-0.07217988894055066,-0.15803605073925892,0.8274012143627494
2024_07_NE_JAX,2024,7,2024-10-20,JAX,NE,32,16,-298,240,6.0881941069654015,-3.351858428931063,65.90086067835372,-2.293976106300704,0.08214790533802663,1.1397204464777708,0.27299000488473407,-0.15420242458628103,7.800977689021695
2024_07_SEA_ATL,2024,7,2024-10-20,ATL,SEA,14,34,-162,136,7.7247716274363185,6.654164848473474,-12.713265932640127,47.422567554430316,0.0002740686373988721,0.5171671579276813,0.15455334528636044,0.13001995582497305,0.30703128831531834
2024_07_TEN_BUF,2024,7,2024-10-20,BUF,TEN,34,10,-535,400,3.3023355942079533,-1.5691440076696495,51.77885169605517,9.669277915870254,-0.011471724203689915,0.8868649630446352,0.2338935786209187,-0.15156647773142998,3.664142194543498
2024_07_CIN_CLE,2024,7,2024-10-20,CLE,CIN,14,21,190,-230,-10.86909564803497,-1.885199017439863,-96.66906491648561,-11.169365132746819,-0.0643573498653609,-1.7652215260462603,-0.2810863489585238,0.009420777954695883,-11.34742762366624
2024_07_HOU_GB,2024,7,2024-10-20,GB,HOU,24,22,-170,142,0.2631009485047855,3.540370696038547,-7.268298897974944,24.793236696764552,-0.016344290268218042,0.1110163351478155,0.07863625229349375,-0.027175356771612133,-2.4484479535696386
2024_07_MIA_IND,2024,7,2024-10-20,IND,MIA,16,10,-155,130,11.787594843838596,-2.771311542355985,61.48914949949935,-30.219686435830127,0.006452018852615926,0.706024684388936,0.2679917408882548,-0.10000577698110145,3.5656818105363626
2024_07_DET_MIN,2024,7,2024-10-20,MIN,DET,29,31,-118,-102,-10.427216995605509,-1.4170799558154137,-63.62440467663865,-56.06696808739768,-0.1801498381503437,-1.8321011477928977,-0.2862155265341912,0.033697732783972284,-8.26540126992558
2024_07_PHI_NYG,2024,7,2024-10-20,NYG,PHI,3,28,140,-166,-2.8605394586141664,3.135506166012167,-4.206728632394402,-12.104092181994915,-0.04079819454713651,-0.8131585556280623,-0.09411323986444003,0.06274832708865952,-3.651538200713177
2024_07_LV_LA,2024,7,2024-10-20,LA,LV,20,15,-355,280,2.463783729911249,3.5459202985385367,24.048022694572637,26.91713583144721,0.01525148387513231,0.4627068759722821,0.1929284261374014,-0.0896633686658905,1.8486249145784035
2024_07_CAR_WAS,2024,7,2024-10-20,WAS,CAR,40,7,-535,400,11.329911625394775,10.671430782222671,35.011690880196284,12.012690871742947,0.04845467696798744,0.8887548743243192,0.29628484744254585,0.1231021174407426,7.292547113999159
2024_07_KC_SF,2024,7,2024-10-20,SF,KC,18,28,-142,120,6.347901230539453,-7.913614764283089,-8.501149545437954,53.62464038781532,-0.07434361605678164,1.3478045611067628,0.09208155328352788,-0.08967349003407016,-2.476160693376894
2024_07_NYJ_PIT,2024,7,2024-10-20,PIT,NYJ,37,15,140,-166,6.094811238441821,2.763822790053407,-74.85610588822627,49.054090160306785,0.0028576413749122898,-0.34427488418945007,0.06929752072854772,0.08653007575677521,1.8544913115447772
2024_07_BAL_TB,2024,7,2024-10-21,TB,BAL,31,41,185,-225,4.062953115548126,-1.4904278765777548,-12.958187490021942,-10.350218852463115,-0.0109286683891201,-0.28700652851952757,-0.09691266095184844,0.1946595633595019,-10.143063627909507
2024_07_LAC_ARI,2024,7,2024-10-21,ARI,LAC,17,15,102,-122,0.7288251164091228,-13.991853826580245,3.9131562630084034,24.33786380897783,0.04810842892686584,1.0255302304397445,0.03010220422596445,-0.2598211643214262,-0.11109098810487764
2024_08_MIN_LA,2024,8,2024-10-24,LA,MIN,30,20,130,-155,-7.641196594354721,2.3348466279897124,-32.38069351615076,-3.821098235578873,-0.041055844635858874,-0.8941592882846789,-0.0702683237803147,-0.02255529388368302,-10.752346616652066
2024_08_PHI_CIN,2024,8,2024-10-27,CIN,PHI,17,37,-148,124,1.7540032231592235,-4.658030297663483,45.815940722877286,-96.4182411772336,0.005538946156884772,-0.18343426532292018,-0.09298356679955422,-0.13527050532325388,0.7789541629694305
2024_08_BAL_CLE,2024,8,2024-10-27,CLE,BAL,29,24,300,-380,-20.77691392507725,4.436155308018442,-68.59706844676455,-125.49702646267224,-0.10934134994431544,-3.619920698481314,-0.4346939842086941,0.130703829714152,-14.142037806074642
2024_08_TEN_DET,2024,8,2024-10-27,DET,TEN,52,14,-800,550,18.417916616141675,3.7591289118924998,119.41286117638893,42.34759778617537,0.191710044572313,2.7752588902682422,0.3101892523787768,0.13973119165090736,13.138402593245845
2024_08_IND_HOU,2024,8,2024-10-27,HOU,IND,23,20,-225,185,5.2701309427799465,-4.58677107103334,-4.503682698640944,9.705325759411195,0.05442398842713492,0.10815804219748149,0.00391649229095644,0.015698314713695233,3.0434606439323364
2024_08_GB_JAX,2024,8,2024-10-27,JAX,GB,27,30,160,-192,-1.620855286203799,-6.0793966468714835,-11.48705662764101,4.0877297529176815,0.017856279514528395,0.20846711334281753,0.05539552314110529,-0.2851388842511112,1.8275409480115492
2024_08_ARI_MIA,2024,8,2024-10-27,MIA,ARI,27,28,-198,164,-6.3018377357684106,5.096317828758512,-5.406698507723007,4.461595218693759,-0.028038269017590434,-0.9617388244632084,-0.23826990658367117,0.22240992636242207,2.556590827429675
2024_08_NYJ_NE,2024,8,2024-10-27,NE,NYJ,25,22,245,-305,-1.437453372867786,-3.8177798325183474,-40.02943624624183,1.9471917646642396,0.014194879801215032,-0.40437604747760325,-0.08896306345490185,-0.08737632982649789,3.3540369506535894
2024_08_ATL_TB,2024,8,2024-10-27,TB,ATL,26,31,102,-122,9.712031728615344,-4.345141390852575,34.47926903270002,19.493646465194274,0.02628263591019364,0.6524544497815663,0.06752191118990666,0.0035255899553462144,-1.3431892352329324
2024_08_NO_LAC,2024,8,2024-10-27,LAC,NO,26,8,-310,250,-1.7412484370738461,17.24024100540302,42.84762119513624,-4.2722889773793185,0.0022270861975655087,0.5775010025856222,0.2058633870262758,0.10058903060687663,3.815178319163077
2024_08_BUF_SEA,2024,8,2024-10-27,SEA,BUF,10,31,142,-170,0.16277005488691287,-6.76025528826537,37.60334953281833,-18.606171891762784,0.03188610451580165,-0.2639148860209177,-0.10215609456960946,-0.08668510046388297,1.3524642295209706
2024_08_CAR_DEN,2024,8,2024-10-27,DEN,CAR,28,14,-750,525,11.745265172838774,21.81979735192055,18.687796378079753,46.25613070219018,-0.0693601964433912,0.8599636371591668,0.24694677136733675,0.3937614409684167,-5.48631981296811
2024_08_KC_LV,2024,8,2024-10-27,LV,KC,20,27,340,-440,-8.747169639228733,-9.467385594024712,-8.194060877308829,-47.762471017547355,-0.0747276087323624,-0.6150748320170099,-0.28936352401154686,-0.03164899379767032,-7.112590822463944
2024_08_CHI_WAS,2024,8,2024-10-27,WAS,CHI,18,15,-122,102,3.5780742560856176,-1.4648970286422358,-6.471356377507021,36.038066915863226,0.01857901287171093,0.6872889908050119,0.04962201168195207,0.05313724070229707,1.9750734742928309
2024_08_DAL_SF,2024,8,2024-10-27,SF,DAL,30,24,-238,195,7.990260087782229,6.932037437206969,-32.66578897365909,71.94052004366344,-0.05221457636331284,1.2088064450469318,0.15917932684859432,0.18032309302469543,-1.450390014140927
2024_08_NYG_PIT,2024,8,2024-10-28,PIT,NYG,26,18,-270,220,18.571148800413162,6.5491687307215205,33.06640524855234,43.24187738118137,-0.012370917554452854,1.261317155136818,0.2823909726632032,0.10733911607155011,1.6002689825980534
2024_09_HOU_NYJ,2024,9,2024-10-31,NYJ,HOU,21,13,-148,124,-5.967074685047432,-4.235767603622822,22.06453032368219,-28.88428059794444,-0.011765089094998626,0.44296360528168677,0.09082871391998396,-0.1438625875524456,3.2145838707594683
2024_09_DAL_ATL,2024,9,2024-11-03,ATL,DAL,27,21,-166,140,7.342758706975843,3.872441518419514,13.23289777779047,68.86969779073294,0.0696821634701934,1.1645660375936888,0.20064883144082862,0.11368475528196298,4.506926103520179
2024_09_DEN_BAL,2024,9,2024-11-03,BAL,DEN,41,10,-440,330,4.703445379488947,-13.522014161946245,50.593132377604604,43.96065367064858,0.01049155333737739,1.8845039857431471,0.20906599573624762,-0.287541200374281,5.863019416094515
2024_09_MIA_BUF,2024,9,2024-11-03,BUF,MIA,30,27,-285,230,11.322315116362876,8.187191961495776,62.17399479496831,-22.092741171742972,0.0033059261977917975,0.9904215981591697,0.2720020601035504,0.13327228208226194,5.762237614925376
2024_09_NO_CAR,2024,9,2024-11-03,CAR,NO,23,22,275,-345,-0.46862829424629737,-2.6689889912346025,-54.58078264238472,-9.28117069714446,0.057725093405645245,-0.36862558359146735,-0.009100095129326274,-0.09655520937499013,8.414527526505763
2024_09_LV_CIN,2024,9,2024-11-03,CIN,LV,41,24,-410,320,3.5734308746560686,-0.10541687048588955,20.003525069917572,2.932761150865602,0.013784077453748877,0.8063590158106075,0.17390501773398706,-0.12862977777266035,2.0669560824276187
2024_09_LAC_CLE,2024,9,2024-11-03,CLE,LAC,10,27,110,-130,0.26057689614387414,-10.381576160459264,-4.441786223072768,-16.701681096357518,-0.004446623550944939,-0.47549701203011274,-0.04534102460560903,-0.13891123099580638,-0.5840337791697843
2024_09_WAS_NYG,2024,9,2024-11-03,NYG,WAS,22,27,180,-218,-13.6036337627003,-7.647885602942193,-55.0397629519305,-42.79400953085727,-0.04890307265163407,-1.4822057178127555,-0.25827115176699034,-0.16188183228675646,-6.147524236257714
2024_09_NE_TEN,2024,9,2024-11-03,TEN,NE,20,17,-162,136,-4.042591698233744,-9.371745894741167,11.81285540781613,37.91817597894175,-0.012009225099480991,0.2727130714003758,-0.12989551188107262,0.11634295768848114,-1.9983895193210042
2024_09_CHI_ARI,2024,9,2024-11-03,ARI,CHI,29,9,-120,100,-2.085667357581471,-8.584587081877974,34.5710690707746,-33.70230028236064,0.06437416479715419,0.37904756961121855,0.05228718780739709,-0.1734280098556445,-0.5670672141674732
2024_09_JAX_PHI,2024,9,2024-11-03,PHI,JAX,28,23,-340,270,2.1919591159053873,12.074029680148124,-54.580267057693135,60.92933555398952,0.03522895654956604,-0.31310904427310504,0.10286404546074711,0.2560602993748184,5.3031319708449605
2024_09_DET_GB,2024,9,2024-11-03,GB,DET,14,24,130,-155,-13.203895221221437,-3.8027624986866293,34.83597170714245,-13.885203900665857,-0.13034983172870562,-0.5503742989372098,-0.03319524824985097,-0.12231308701002755,-7.940684361458883
2024_09_LA_SEA,2024,9,2024-11-03,SEA,LA,20,26,105,-125,-3.185731047807181,-5.927281555556075,16.04788141771786,-43.01455430423911,0.0033725062950906715,0.08472991316936174,-0.07683569389755904,-0.13469061011445937,4.695671271291666
2024_09_IND_MIN,2024,9,2024-11-03,MIN,IND,21,13,-298,240,3.906892009933145,-6.184915477453043,53.26044538681211,-44.35014394431536,0.25075882735205623,0.9759228080991518,0.08872565525826893,-0.10669463436987306,23.06383551088866
2024_09_TB_KC,2024,9,2024-11-04,KC,TB,30,24,-425,330,-5.061066134469911,14.14276709355812,-78.37951874524825,-15.586444183264945,-0.0371134591681479,-1.168041109693978,-0.015589779866816852,0.2457134516519348,-1.5001197656402576
2024_10_CIN_BAL,2024,10,2024-11-07,BAL,CIN,35,34,-270,220,5.803964353052258,4.507781101346353,42.43842661887436,59.9983466578887,0.06144138984135861,2.190603861080909,0.2485226621665318,-0.012394749374171482,6.012286003134492
2024_10_NYG_CAR,2024,10,2024-11-10,CAR,NYG,20,17,240,-298,0.4029193465349117,-3.5882976871947783,-17.786667458964132,-51.41433550978212,-0.03491545975151378,-0.41608223747882356,-0.10032801624876345,0.014935601213081823,-1.7886089181187272
2024_10_NE_CHI,2024,10,2024-11-10,CHI,NE,3,19,-325,260,-0.4095776009835461,2.6177800113749115,3.723318354372168,23.270320210925448,-0.07989840017378091,0.1620486366998639,0.008883219746784299,0.1526532921148536,-2.7672469155490917
2024_10_BUF_IND,2024,10,2024-11-10,IND,BUF,20,30,190,-230,-11.863268583548589,-1.0469184700463572,-65.19074058508912,-5.3038075670935285,-0.1448821673598104,-0.8769471174336863,-0.3701025720843054,0.12278829856039253,-14.862659751919901
2024_10_MIN_JAX,2024,10,2024-11-10,JAX,MIN,7,12,280,-345,1.7944338352845612,-6.756151021629584,-45.26688595151137,-18.189074522471245,-0.13428588101967154,-0.5256695071864934,-0.00019336706043017286,-0.19756473992294632,-13.943258481975347
2024_10_DEN_KC,2024,10,2024-11-10,KC,DEN,16,14,-380,300,7.703025419969816,4.930519337626336,29.585199681569037,-6.827121579701853,0.07572717040587384,-0.3181556786921522,0.15507407302778287,0.03823648067145976,6.526172926687475
2024_10_ATL_NO,2024,10,2024-11-10,NO,ATL,20,17,160,-192,-9.750452164024416,-2.8228436341490237,-15.059511187623883,18.609463162711037,-0.16185002235884605,-0.6157917785825733,-0.19528896389168932,-0.022022155949726764,-12.836066857667788
2024_10_SF_TB,2024,10,2024-11-10,TB,SF,20,23,240,-298,1.2243923797027136,-6.607493965962156,21.12947322270452,-57.11858071659458,0.09302223071763782,-0.7708339665992803,0.03676113910726432,-0.12939453561139622,4.781555332323489
2024_10_PIT_WAS,2024,10,2024-11-10,WAS,PIT,27,28,-122,102,-0.8446850614616324,-1.8066057702214948,5.456122040367205,6.066202578401828,0.030141883100342493,0.16127056599688405,0.1411991917071766,-0.022344058521394726,4.263667389655316
2024_10_TEN_LAC,2024,10,2024-11-10,LAC,TEN,27,17,-380,300,5.839150778263448,16.78431572563416,51.58900479933746,-44.92694412859518,0.046895833105763285,0.8469437655395096,0.11458458027122133,0.16439630185008208,1.4717540636764899
2024_10_NYJ_ARI,2024,10,2024-11-10,ARI,NYJ,31,6,110,-130,4.941538770235169,2.0126270225415226,-35.86463725181014,65.3499290767882,0.015414652645492466,0.4323631645728625,-0.03005303250106463,0.02941036738700737,0.22992684335614771
2024_10_PHI_DAL,2024,10,2024-11-10,DAL,PHI,6,34,285,-360,-7.948983260139059,-10.97025623749808,40.59692126281914,-104.74339883995715,-0.09245766619668816,-1.0887109948979994,-0.16242384011409844,-0.25259032985265556,-12.704975114436992
2024_10_DET_HOU,2024,10,2024-11-10,HOU,DET,23,26,190,-230,-14.347166937609892,-4.4543775695563035,29.495535586248053,2.3935385330993313,-0.2940104577347299,-0.6720061158639128,-0.17230172402627003,-0.07665088415277371,-21.429133601721546
2024_10_MIA_LA,2024,10,2024-11-11,LA,MIA,15,23,-142,120,3.3234249182613205,4.994992206455578,50.97287385816486,-58.22513400153693,-0.11404974156042713,-0.24081166672353227,-0.06719163253452315,0.176266113871283,-9.62691827977036
2024_11_WAS_PHI,2024,11,2024-11-14,PHI,WAS,26,18,-230,190,3.40941775926429,8.856399583825635,-15.483522631936665,75.33404691567793,0.10797760466650808,0.6123521251326265,-0.042803882368102175,0.3175124215581929,13.447988054124835
2024_11_GB_CHI,2024,11,2024-11-17,CHI,GB,19,20,215,-265,-10.59227046459353,2.651259386187345,-86.35276191392313,-38.778724917426885,-0.08328480393888815,-1.9653646673711664,-0.2511121225148306,0.06610589196834735,-5.77965673665309
2024_11_JAX_DET,2024,11,2024-11-17,DET,JAX,52,6,-1000,650,13.375507021459736,2.0741441752514262,27.716254416999163,50.45172377760947,0.06251619712344225,0.8025801282767455,0.1621687763628386,0.19777913034884104,8.104889665244784
2024_11_LV_MIA,2024,11,2024-11-17,MIA,LV,34,19,-425,330,1.7726421336976195,10.755418457375292,2.0048530761688994,49.96519101904052,0.07973919530410478,0.9961620789254368,0.19515364783875608,0.08172626569226366,0.7286657354197175
2024_11_LA_NE,2024,11,2024-11-17,NE,LA,22,28,164,-198,-2.212271190711359,5.805983367765942,-80.54345331533287,32.750011808778865,-0.02662090738259959,-0.36588286693852545,0.030605186338201168,-0.008074894337607483,3.6778282884084508
2024_11_CLE_NO,2024,11,2024-11-17,NO,CLE,35,14,-105,-115,2.0383591471268367,1.4977191151797413,0.05847170401213475,39.77823989942702,-0.002061872195633252,1.274712217927851,0.08312804992249408,-0.042538018729618904,3.3696019461774864
2024_11_IND_NYJ,2024,11,2024-11-17,NYJ,IND,27,28,-205,170,-4.257798602976607,-0.5636188886474187,-17.909564546380864,-27.069990651227187,0.03688093878685106,-0.5399457810206343,0.18766407021776627,-0.19878947810258135,4.2667300968193365
2024_11_BAL_PIT,2024,11,2024-11-17,PIT,BAL,18,16,145,-175,-7.003850030421052,5.249029761794766,-63.90144975974977,13.565563636830234,-0.17346659817161947,-1.7401639588070763,-0.23226563492938448,0.13298315992032295,-11.498072080799641
2024_11_MIN_TEN,2024,11,2024-11-17,TEN,MIN,13,23,235,-290,-1.5581026664561293,-12.583518282695106,-55.669055168007645,5.447197942312869,-0.025732227639799765,-0.14301285176998135,-0.02425491171279942,-0.27448075132516286,-2.638297168159447
2024_11_ATL_DEN,2024,11,2024-11-17,DEN,ATL,38,6,-135,114,-5.546000207010142,1.3545340106809647,-50.58422444616761,-36.63221932167232,-0.0140843791091958,-0.9142552908975627,-0.12268677242143203,-0.02443057014355689,1.4400700717436026
2024_11_SEA_SF,2024,11,2024-11-17,SF,SEA,17,20,-265,215,4.939389078942341,3.769368173613067,-6.4294881386418865,52.868043133036,0.0006376133646004423,1.0093299245375436,0.27764123745550917,0.08515411029997,0.6684250790249968
2024_11_KC_BUF,2024,11,2024-11-17,BUF,KC,30,21,-142,120,6.735896220256933,-1.9230102353536118,-0.6591795969924306,27.708660643060014,-0.06798238698885539,0.9047645532465038,0.05260472130121317,0.06776315017337331,-7.45357314889446
2024_11_CIN_LAC,2024,11,2024-11-17,LAC,CIN,34,27,-110,-110,-6.539242478597128,15.32024562510513,-86.39486777287033,39.52825547348472,0.048667965447097616,0.08321745467122632,-0.002689755510257713,0.1674303974003567,1.7466551267918486
2024_11_HOU_DAL,2024,11,2024-11-18,DAL,HOU,10,34,285,-360,-6.7474915332512975,-8.037020691163171,-40.86431915182604,-14.319325402007166,0.07686120818749576,-0.643330803207717,-0.18600640382625205,-0.13425458972320048,2.7828837492635063
2024_12_PIT_CLE,2024,12,2024-11-21,CLE,PIT,24,19,170,-205,-8.603212326835784,-9.980238381906545,93.50678088003596,-61.38304498303509,0.018960504241711362,0.46770443698849196,0.010576849830434068,-0.19877279932030056,-3.5157503900817964
2024_12_KC_CAR,2024,12,2024-11-24,CAR,KC,27,30,500,-700,-3.6970715004404475,-1.4019232216017272,-77.25376915671791,39.02375632344645,-0.07092160260148339,-0.028620574634464546,-0.1654269011581957,0.03026116290782136,-8.236389802075507
2024_12_MIN_CHI,2024,12,2024-11-24,CHI,MIN,27,30,145,-175,-5.601109729409265,-5.895413052258002,-58.7086152613189,19.887308029869473,-0.04007973016922961,-0.39522938781123074,-0.06653634566293071,-0.2569677109032133,-6.109952919301274
2024_12_TEN_HOU,2024,12,2024-11-24,HOU,TEN,27,32,-375,295,10.921181895912401,8.038807181941003,-3.966500380490686,25.636322545004106,-0.030674086968529135,-0.1359348807186347,0.09513744901898782,0.23016327470563977,-8.33414745357425
2024_12_DET_IND,2024,12,2024-11-24,IND,DET,6,24,295,-375,-17.147189067723847,-11.348330394234349,-63.14992991120687,-49.90333634650392,-0.11235927924359923,-1.293200219235402,-0.3574670467403969,-0.16683878860632884,-11.223419089687878
2024_12_NE_MIA,2024,12,2024-11-24,MIA,NE,34,15,-360,285,6.850929743852738,0.2382127850164295,11.73583740026038,-16.608958844714024,0.07517771475596824,0.3171890554653727,0.12941816883308851,0.10700447524007269,0.9136926331393544
2024_12_TB_NYG,2024,12,2024-11-24,NYG,TB,7,30,240,-298,-7.878527945645175,4.756986935407156,-13.956310099517566,34.270430116041936,-0.039220089411097114,-0.06898018786431148,-0.1139513794541154,0.12719178866276182,3.167019987554414
2024_12_DAL_WAS,2024,12,2024-11-24,WAS,DAL,26,34,-625,455,10.735983318091487,8.55545249520393,-38.28477807545289,25.707195432977812,0.030730619780567014,0.44718822769661504,0.3293573354220521,0.042035053534029726,5.985649312765382
2024_12_DEN_LV,2024,12,2024-11-24,LV,DEN,19,29,225,-278,-5.926578462009662,-17.552503717774954,-20.233330594245075,-42.47964990118449,-0.07341981505085848,-1.082536225355895,-0.2056366104752368,-0.23130923078639848,-6.142922749179337
2024_12_SF_GB,2024,12,2024-11-24,GB,SF,38,10,-290,235,-0.4675067627834437,0.09933264693305688,20.23575803295887,-7.06262345152345,-0.003687750294566694,0.9830178184312501,0.028598407398258877,-0.07216591255382845,3.4017947459746547
2024_12_ARI_SEA,2024,12,2024-11-24,SEA,ARI,16,6,-105,-115,-6.978005177179771,-9.060021385115002,40.761114747609184,-66.86461538321038,-0.05517604024687017,-0.9165596214938132,-0.24041912165525192,-0.11226994145272351,0.4192268848202305
2024_12_PHI_LA,2024,12,2024-11-24,LA,PHI,20,37,142,-170,-5.005758428366377,-6.41717992013788,66.69847874731266,-114.7206839829031,-0.021595518772092204,0.13252712197670036,0.001985316850904889,-0.19700951556880172,-5.532368995090337
2024_12_BAL_LAC,2024,12,2024-11-25,LAC,BAL,23,30,140,-166,0.9470273457429172,3.729346178578389,2.0052457534830808,2.517548487250906,-0.03407252222903179,-0.40395267161076553,-0.0440113581237226,-0.07113123804209695,-4.377449135983013
2024_13_CHI_DET,2024,13,2024-11-28,DET,CHI,23,20,-520,390,13.60344607379253,13.384611113773325,37.02537338138464,36.98939564516395,0.08682277256689763,1.078839008047849,0.2171596298283821,0.3100716918902258,8.91716808467061
2024_13_NYG_DAL,2024,13,2024-11-28,DAL,NYG,27,20,-218,185,8.23397892040294,-3.967526075988694,55.91639532620343,-34.381870194250794,0.002142935155997394,0.022194765372773873,-0.06905202936869587,0.11600183321659642,-6.0113597814084185
2024_13_MIA_GB,2024,13,2024-11-28,GB,MIA,30,17,-175,145,-1.5698092408704198,1.3240594324196806,-51.006271386599536,55.76810544266202,-0.10082732404821126,0.60761958143586,0.045269131697808024,0.03739594366722898,-2.4083753022797154
2024_13_LV_KC,2024,13,2024-11-29,KC,LV,19,17,-800,550,5.827800567919272,6.92449440759226,-24.365598512234072,52.90913167949509,0.07237494921549603,0.5528526817980168,0.27486930519708763,-0.037718343951043176,8.60960674708182
2024_13_LAC_ATL,2024,13,2024-12-01,ATL,LAC,13,17,-102,-118,-9.999185847572317,-5.410991097392227,2.8009973072604737,-5.514908143207094,0.07294807571339434,-0.27435221234925145,-0.09245715558300144,-0.024483901180818432,6.356180711178368
2024_13_PIT_CIN,2024,13,2024-12-01,CIN,PIT,38,44,-155,130,7.473333481489728,-10.169869953547803,94.62841501592752,-39.531217157098666,-0.03443530549288221,0.4923187593636955,0.15293076456273366,-0.1351135619655902,-9.10213721428879
2024_13_HOU_JAX,2024,13,2024-12-01,JAX,HOU,20,23,160,-192,-13.592503493107133,-10.088008743211152,-77.50373731794411,-26.337889222061598,0.009524792563955775,-0.9799617391375808,-0.12165988217649419,-0.37710361756245964,4.035927756424934
2024_13_ARI_MIN,2024,13,2024-12-01,MIN,ARI,23,22,-185,154,5.498321374833203,-4.887739490026217,39.941682806208746,5.18342643885731,-0.05059063706805811,-0.23449081240347525,0.029443377817442547,0.036756176282151415,0.9560208139525361
2024_13_IND_NE,2024,13,2024-12-01,NE,IND,24,25,114,-135,2.1973361286542232,-1.157053359689698,13.116347800795126,4.790216997178504,0.10450618419709101,-0.3921242542207519,0.09045864388148513,-0.03660015684433299,6.03121712900258
2024_13_SEA_NYJ,2024,13,2024-12-01,NYJ,SEA,21,26,-115,-105,0.8078491490232018,-10.088532897045948,-67.14539943791382,10.672794762282479,-0.022009199826978798,-0.3174446344385409,0.021723032501878056,-0.15135831000531375,-7.479294273321125
2024_13_TEN_WAS,2024,13,2024-12-01,WAS,TEN,42,19,-250,205,2.405202176431864,-1.4967716425317867,-17.021921968223523,12.371153642066574,-0.018062520376335822,-0.33220756279361474,0.08359677346625419,-0.08677409029411988,-0.4135378243567356
2024_13_TB_CAR,2024,13,2024-12-01,CAR,TB,23,26,235,-290,-5.062065802634539,-6.917595006145827,-42.536986344937645,-21.70690271389641,-0.11480432185990597,-0.5752434228752028,-0.12314770342042927,-0.10191826008311046,-3.9296417986131855
2024_13_LA_NO,2024,13,2024-12-01,NO,LA,14,21,120,-142,2.802770428736615,8.236973135488387,-9.684298816294074,66.37327852162356,0.004243688464411144,0.8537364351335333,-0.015692947524650565,0.055287670445633645,0.7946944549296706
2024_13_PHI_BAL,2024,13,2024-12-01,BAL,PHI,19,24,-162,136,-3.579552409107851,-5.743727718055499,22.232067700287786,-87.55415955583771,-0.005157627448783231,-6.393623529632464e-05,-0.015340573768264892,-0.09444808684859293,-3.2492977350014334
2024_13_SF_BUF,2024,13,2024-12-01,BUF,SF,35,10,-340,270,12.57512493246741,7.989556542858487,39.38362163045781,17.8716643492795,-0.004352801984648602,-0.1338986531918378,0.23852748144136998,0.04222274210066111,0.21654790239412533
2024_13_CLE_DEN,2024,13,2024-12-02,DEN,CLE,41,32,-290,235,8.171346885871284,8.164545350286044,-9.128416570649222,9.912923364846122,0.046018294799847426,0.13687560959387213,0.12442677304751817,0.18629891799602044,2.72036262266335
2024_14_GB_DET,2024,14,2024-12-05,DET,GB,34,31,-170,142,0.29013722392331687,2.4594386956804595,20.523027455423374,34.489432804934154,0.0022318581243028213,-0.4755152663637645,-0.018071838021248704,0.0964993390383023,0.14009540507667673
2024_14_NYJ_MIA,2024,14,2024-12-08,MIA,NYJ,32,26,-298,240,4.603781661557836,3.116627357172085,118.01910594862656,-20.699587248779366,0.13969615702387317,1.0141984045624461,0.19662285876730246,0.06129916154923111,10.03955824142757
2024_14_ATL_MIN,2024,14,2024-12-08,MIN,ATL,42,21,-250,205,8.811307743634968,3.6613872894552912,23.504382509939177,-13.04031791054939,0.020657188571924334,0.8344116413049427,0.10725047590206638,-0.009888912438865447,5.612447826540203
2024_14_NO_NYG,2024,14,2024-12-08,NYG,NO,11,14,200,-245,-4.813364805785859,-6.156428672829932,-40.3837492593168,-33.902143252236996,-0.0009746611741497935,-1.104223462543775,-0.19286835918811135,0.015244130112957985,0.6173524654591461
2024_14_CAR_PHI,2024,14,2024-12-08,PHI,CAR,22,16,-950,625,6.494745003904242,8.34750186322061,-71.55920362880306,108.5791188432209,0.04613509080499112,0.41367546864486116,0.10654635045620264,0.1397720055058822,3.1342457707748657
2024_14_CLE_PIT,2024,14,2024-12-08,PIT,CLE,27,14,-258,210,6.697156437660883,3.5928858174863585,-54.62244111681292,43.69789619389263,0.07774772119530704,0.34452011593606535,0.12908654659204816,0.07699247768619208,12.751997056981873
2024_14_LV_TB,2024,14,2024-12-08,TB,LV,28,13,-325,260,8.082974082173727,5.48056128846623,-58.34852419679632,87.61817291247563,0.05160703712819392,0.15227872754234806,0.15717853851731867,0.03876845518986184,3.4381233002673826
2024_14_JAX_TEN,2024,14,2024-12-08,TEN,JAX,6,10,-170,142,5.0238766133358155,-3.2411653395720705,29.770182527743117,3.8536574170354783,-0.001303583661082519,0.6014014642530014,0.023919232863005443,0.10350252984082645,0.5788567714549471
2024_14_SEA_ARI,2024,14,2024-12-08,ARI,SEA,18,30,-175,145,-1.487918136215285,0.06160769864139937,14.365998690860692,48.23126153795573,0.022707508945910893,0.6218696993043347,0.041475587126912995,-0.0808618400251567,-2.022591718753545
2024_14_BUF_LA,2024,14,2024-12-08,LA,BUF,44,42,160,-192,-10.135975980153567,-6.188258842314358,15.302947197568386,-39.533183684312505,-0.06742555791790616,0.08589063165049104,-0.11417691975837911,-0.14564846337606852,-4.711482929187537
2024_14_CHI_SF,2024,14,2024-12-08,SF,CHI,38,13,-162,136,-5.4797671450457575,-7.184431780312366,-82.9526763184578,22.246749024712642,0.042601939626901064,0.13574568361400097,-0.14029652917252283,-0.09805255352496939,-0.18825217179766263
2024_14_LAC_KC,2024,14,2024-12-08,KC,LAC,19,17,-238,195,0.24300233725157483,-2.1391374968989076,67.30943143379491,6.758507158430675,0.008683574318941734,0.2968810996564901,0.1682230833035237,-0.09475782680920125,3.115430342870149
2024_14_CIN_DAL,2024,14,2024-12-09,DAL,CIN,20,27,190,-230,-9.344825267372197,10.381422966034563,-94.81861548596189,8.802319792548062,-0.0332024088232622,-1.4484308521714526,-0.22304885050194295,0.2344553823631833,-10.843788212883027
2024_15_LA_SF,2024,15,2024-12-12,SF,LA,6,12,-155,130,-6.845459387596129,6.436714949959558,-35.27987210550586,-1.1938889551531133,0.003047984490858191,0.11493506315507407,-0.11002859457602727,0.2115661077220557,1.1954282894528045
2024_15_DAL_CAR,2024,15,2024-12-15,CAR,DAL,14,30,-142,120,-2.3328140640341317,1.7824660070954863,10.179345579885023,-16.935424612137496,-0.0046995004384047245,-0.14060245616772438,0.09724697121464111,-0.09178544187808499,10.130067444291697
2024_15_KC_CLE,2024,15,2024-12-15,CLE,KC,7,21,190,-230,-1.1995521355705137,-9.9607135097968,55.14824483819493,-7.744335437306987,-0.04555065391126667,0.22437042012245367,-0.16169661354664233,0.09107859258842295,-1.6976081203804734
2024_15_MIA_HOU,2024,15,2024-12-15,HOU,MIA,20,12,-155,130,-2.396189269425413,2.0286768745544634,-76.77360144714547,38.22867400856378,-0.12234449185844498,-0.22238593120582362,-0.16101714199765352,0.1681710023747686,-9.232033898232757
2024_15_NYJ_JAX,2024,15,2024-12-15,JAX,NYJ,25,32,145,-175,-8.916436954011774,8.3991254800179,-37.25627024401908,-12.285253270557163,9.699568339205378e-05,-0.6432103143326149,-0.08457065507988569,0.09609676880535076,2.347743757014486
2024_15_WAS_NO,2024,15,2024-12-15,NO,WAS,19,20,295,-375,-13.516999677916058,7.835157619213174,-0.836842411552027,-52.37197622977726,-0.0661770187668661,-0.2670353944423125,-0.12418319792324903,-0.01786217026018446,-5.168780013290389
2024_15_BAL_NYG,2024,15,2024-12-15,NYG,BAL,14,35,1000,-1800,-10.785721351923948,1.9625547362421791,-25.541891698816443,-48.05292058140324,-0.09516162389842175,-1.437531573514498,-0.26722106997205614,-0.023856584481739974,-11.166006980302132
2024_15_CIN_TEN,2024,15,2024-12-15,TEN,CIN,27,37,205,-250,-15.625795547231029,6.183669309896228,-131.3207894473145,14.076530777908076,-0.10578752522385404,-1.310689385712009,-0.2040330319104302,0.04959637224233965,-11.29048703617146
2024_15_NE_ARI,2024,15,2024-12-15,ARI,NE,30,17,-258,210,-1.1656627508130022,2.8173267979873557,24.94166838967007,-18.10469737062043,-0.016237340996143823,0.21312087654157352,-0.013412846043054358,0.06351923682840611,-4.594750613390925
2024_15_IND_DEN,2024,15,2024-12-15,DEN,IND,31,13,-238,195,13.135413930424313,1.6272555383980176,104.32166089404654,-22.492902281476276,0.09706433149247129,0.9606834049077575,0.1347758895759728,0.14188765361954245,4.212979682728158
2024_15_BUF_DET,2024,15,2024-12-15,DET,BUF,42,48,-130,110,-4.821944102095504,6.172878713716759,3.0026364214082832,8.494333851690811,0.06677769821652169,-1.115648863360172,-0.24141232148370878,0.09035650775998497,4.611613923451134
2024_15_TB_LAC,2024,15,2024-12-15,LAC,TB,17,40,-162,136,-6.817577647204242,-1.432036288207179,-55.108159806603425,-73.49872063792554,-0.0004573590209107081,-1.361943252902745,-0.1248161155976938,-0.07754292331640797,2.0833373054681124
2024_15_PIT_PHI,2024,15,2024-12-15,PHI,PIT,27,13,-265,215,-3.1924621687786043,5.118667721371381,-103.98111648324004,85.98220039276839,0.0031672463354666114,0.18069416468869015,0.11317563586009957,-0.027932212018074026,-1.2685439139635868
2024_15_GB_SEA,2024,15,2024-12-15,SEA,GB,13,30,136,-162,-4.807963363869703,5.765234032962205,9.403137927648856,0.10102827548759308,0.07905487308826431,-0.8470072757473988,-0.1092149254146921,0.10739850247878188,4.253857523527954
2024_15_CHI_MIN,2024,15,2024-12-16,MIN,CHI,30,12,-325,260,13.9618397015524,8.745409219287726,91.01706089644486,18.728341465548198,0.0610752295152065,2.064859887706313,0.2558822322429398,0.18518342468587096,8.203521640617875
2024_15_ATL_LV,2024,15,2024-12-16,LV,ATL,9,15,275,-345,-1.0724998969739588,4.251656310188643,-22.091084705932587,-41.486816178005284,-0.002736340274100968,-0.5757633219115048,-0.07631167875166724,0.06969775405003382,1.1258639712721181
2024_16_DEN_LAC,2024,16,2024-12-19,LAC,DEN,34,27,-148,124,-12.974214230095864,-8.58757353074753,-13.105299930144923,-18.701244216978537,0.045757825597903756,0.18532453551130068,-0.05928319179839976,-0.3144839023609687,5.206270937930991
2024_16_HOU_KC,2024,16,2024-12-21,KC,HOU,27,19,-180,150,-1.9469221679905147,3.486943328061747,22.948654214441802,21.746994783992093,-0.04761036691813336,-0.2159704000547764,0.11936319860667272,0.023710045928609924,-1.3457152438962703
2024_16_PIT_BAL,2024,16,2024-12-21,BAL,PIT,34,17,-345,275,6.030996300095126,4.548073148474369,53.34422969732401,71.2563285301841,0.0898038833484599,1.7080545882900404,0.35555972493278876,0.024609355140380686,9.32426863117437
2024_16_NYG_ATL,2024,16,2024-12-22,ATL,NYG,34,7,-550,410,2.485886490357446,4.4626986432102065,16.929657323303672,53.34649971527291,0.06386040288019745,1.0226574092640188,0.008959100623434024,0.2055925799050367,2.0255942512664484
2024_16_ARI_CAR,2024,16,2024-12-22,CAR,ARI,36,30,200,-245,-6.059468852715508,-6.272055825416036,-26.69028280234977,-53.20010388592263,-0.10451046731098912,-0.7770228972354021,-0.12516611637019598,-0.10324583877512519,-2.203679012907277
2024_16_DET_CHI,2024,16,2024-12-22,CHI,DET,17,34,270,-340,-20.410344351939187,2.196923999424964,-156.47748065037908,-9.013709459355411,-0.061292933313683795,-1.4218199215775522,-0.3025156945237935,0.02158249659283787,-4.564737167329904
2024_16_CLE_CIN,2024,16,2024-12-22,CIN,CLE,24,6,-575,425,18.281216349559692,-2.487253015671236,66.13565884138768,-17.65550027613196,0.10206083851561099,0.9442361867649351,0.39774738917969144,-0.07103439755713863,9.36057466295826
2024_16_TEN_IND,2024,16,2024-12-22,IND,TEN,38,30,-198,164,-2.8605227094480625,1.854789242203907,-73.43122399836511,38.34010608060055,-0.17018565701055943,-0.6541433718587566,-0.12083857107929656,0.20627981927140449,-8.86910373794373
2024_16_LA_NYJ,2024,16,2024-12-22,NYJ,LA,9,19,136,-162,3.061052888852778,-6.55388020496634,40.85870745576793,-30.161708738463744,-0.043313704739935344,0.841403094570981,0.10868867594504313,-0.10687845106982126,-1.987030611760755
2024_16_PHI_WAS,2024,16,2024-12-22,WAS,PHI,36,33,180,-218,0.4380519270404619,-6.7103748919122825,23.128019748263426,-13.536786745647191,0.051471317017961815,-0.22206248142901686,-0.060623310531741664,-0.10834001102395183,-0.4691667014924237
2024_16_MIN_SEA,2024,16,2024-12-22,SEA,MIN,24,27,124,-148,-10.47598688792647,-5.590427041665237,-60.75916301485091,-5.058874264457245,0.01025730114221235,-0.7618575086206247,-0.24046792272718837,-0.0785107481647664,0.6538210205768586
2024_16_NE_BUF,2024,16,2024-12-22,BUF,NE,24,21,-1100,700,21.718646758741222,-5.809252410280905,85.97806677961029,27.512905957432935,-0.08703739266228838,1.381829688418608,0.37365325052711973,-0.005073802811930012,-5.066209796908213
2024_16_JAX_LV,2024,16,2024-12-22,LV,JAX,19,14,-130,110,-4.724217081748442,2.6029692213257043,-4.8358970872859,-20.152872700866865,-0.044054763777695016,-0.2808311746462877,-0.1803001619579064,0.21617550526443519,-3.8127973196974683
2024_16_SF_MIA,2024,16,2024-12-22,MIA,SF,29,17,105,-125,4.665689919571278,-3.453923326360126,72.59350886057697,-43.857226774932435,0.14056345565155137,-0.26180414118815065,0.06692846942304838,-0.0021899318454563603,8.328828292836036
2024_16_TB_DAL,2024,16,2024-12-22,DAL,TB,26,24,180,-218,-7.005717774948579,-3.9556801255847915,-61.50359639843754,-30.23943621891911,-0.12626113353862234,-1.4995349458399785,-0.11862193866255948,-0.07920209466414488,-13.831937157726394
2024_16_NO_GB,2024,16,2024-12-23,GB,NO,34,0,-950,625,11.45393707837848,-1.5650837162472335,11.49203952208751,22.607722466919995,0.10655752489273995,0.9815388791441428,0.1713916224240351,0.15048197474893157,13.778044824712826
2024_17_KC_PIT,2024,17,2024-12-25,PIT,KC,10,29,136,-162,-3.0332529782706388,-11.737793526949797,-29.161079139481416,-12.085215179549706,0.019402720206846413,0.2556429778842064,-0.2118559289593222,-0.13912185076055186,9.935194232215604
2024_17_BAL_HOU,2024,17,2024-12-25,HOU,BAL,2,31,200,-245,-9.417191500992132,-3.0832163589718746,-19.014651207578055,-100.916778808956,-0.07619502442564818,-1.6112822826045914,-0.2502159205296068,-0.06698788524609464,-7.975119316796559
2024_17_SEA_CHI,2024,17,2024-12-26,CHI,SEA,3,6,160,-192,-5.860670159802982,-6.914091093944439,3.289355886190407,-3.9468783689230094,-0.05801355633405758,-0.09754926736328162,-0.042457366286647175,-0.18309867355803713,-3.7636828676188276
2024_17_LAC_NE,2024,17,2024-12-28,NE,LAC,7,40,245,-305,-5.173595873105924,1.2928085989322575,-0.20348683879805662,42.576878222909144,0.0038520560972690188,0.21022025808021372,0.002911432943533167,0.03334868841324247,3.815384020648756
2024_17_DEN_CIN,2024,17,2024-12-28,CIN,DEN,30,24,-175,145,-0.5071489922807473,5.355193509291727,52.978420678195505,5.225830092924227,0.06932304012619295,1.042282307392358,0.10802805180030395,0.023415940699173618,14.365636787708514
2024_17_ARI_LA,2024,17,2024-12-28,LA,ARI,13,9,-340,270,-4.61054416617576,10.77154699661611,-49.734723957840316,-34.69773304792838,-0.0007955422544183577,-0.8973032257194653,-0.013482662985016686,0.14165234665579227,-1.7444028428856422
2024_17_NYJ_BUF,2024,17,2024-12-29,BUF,NYJ,40,14,-520,390,14.704739078401506,-4.459007967080293,-16.972661068135523,73.74019291888973,-0.010072527564153999,0.7538252473629008,0.17244881903628234,0.02601058225219663,2.318051753875709
2024_17_TEN_JAX,2024,17,2024-12-29,JAX,TEN,20,13,-112,-108,-7.389157348480534,10.076091713347566,-1.9023594259925005,6.7676099979203315,-0.013976459437707534,-0.2895262826651157,-0.07577909899374276,0.07394326313858106,0.2566829060191981
2024_17_LV_NO,2024,17,2024-12-29,NO,LV,10,25,105,-125,-4.593745133254098,-5.4064268642627695,-55.91411405983405,14.650216937401353,-0.07501031786513379,0.04153023201004835,-0.02067681103950672,-0.21586328960886997,-4.06842949488115
2024_17_IND_NYG,2024,17,2024-12-29,NYG,IND,45,33,320,-410,-14.172805903164607,-1.443215756773391,47.60983282080855,-139.48082327604195,0.0234001233605986,-1.3200592791243757,-0.20203894365168157,-0.16250179696377515,1.582273585357755
2024_17_DAL_PHI,2024,17,2024-12-29,PHI,DAL,41,7,-325,260,3.5070518577910264,-1.2512518349899722,-60.704223575062855,83.2603368097662,-0.020519888877763903,-0.1867295849765327,0.12058705432356365,0.07829573359038065,5.983053326156255
2024_17_CAR_TB,2024,17,2024-12-29,TB,CAR,48,14,-500,380,4.083243728021436,7.171720312796499,90.03759343030393,16.880414591720978,0.09039050615002986,1.0977312583177739,0.032317799868906066,0.22642866700428768,2.5131768529287304
2024_17_MIA_CLE,2024,17,2024-12-29,CLE,MIA,3,20,142,-170,-13.102620206592842,-5.003367191850195,-36.41593585055708,24.50255875604769,-0.10520756765060058,-0.31840988751494326,-0.27931723003144965,-0.0046180820468106655,-4.860848142109305
2024_17_GB_MIN,2024,17,2024-12-29,MIN,GB,27,25,-108,-112,-2.3252746782372107,-8.250259523134464,38.400627462864094,-54.12830526215011,0.014744046065120253,-0.4476772446519064,-0.06649729491557982,-0.17736835493757233,-1.6784867890601045
2024_17_ATL_WAS,2024,17,2024-12-29,WAS,ATL,30,24,-192,160,7.08627478788506,-10.2964873355116,28.514358714188944,5.368874556039259,0.0472398158149866,0.22735225590196873,0.0426973826119849,-0.2178045560465556,6.820656311665523
2024_17_DET_SF,2024,17,2024-12-30,SF,DET,34,40,190,-230,-18.0698363144934,2.8863171351075074,-107.32426647501435,-29.53092788627532,-0.08641741348537535,-0.9547001280196667,-0.233177503252475,0.06174146266441212,-6.1401078064896035
2024_18_CLE_BAL,2024,18,2025-01-04,BAL,CLE,35,10,-2400,1200,22.946310142355095,11.242144335397004,19.87525432229768,92.82592561759475,0.11852000685086417,2.4190334945297867,0.5379834759720816,0.15631199084196393,15.068701469469264
2024_18_CIN_PIT,2024,18,2025-01-04,PIT,CIN,17,19,124,-148,-13.406086411520644,-7.099750912412123,-131.93750555163854,36.48962744613601,-0.11418347011535634,-0.9050415030451706,-0.2913889384356092,-0.12323303858993057,-8.351008490493044
2024_18_CAR_ATL,2024,18,2025-01-05,ATL,CAR,38,44,-380,300,3.1380527735095214,14.290393681691928,16.99619909056861,27.663685840024883,0.013894627376712654,0.056180600325026475,0.03485750855677934,0.3135177728677109,-9.174292418683486
2024_18_WAS_DAL,2024,18,2025-01-05,DAL,WAS,19,23,250,-310,-12.18192980840918,-4.353513937917597,-28.46355296433714,-57.16295885742673,-0.0713156314149399,-0.4334323067635939,-0.1872242173137756,-0.04120495447560798,-7.55599986776923
2024_18_CHI_GB,2024,18,2025-01-05,GB,CHI,22,24,-410,320,18.202922182477643,3.4311641052468254,5.739308675913605,42.34630491384847,0.024864869555260127,0.8515570994330028,0.23560748104655632,0.15306674205415752,3.7796106656610906
2024_18_JAX_IND,2024,18,2025-01-05,IND,JAX,26,23,-180,150,10.523706233687019,-16.257930900815136,8.066175016184047,76.141872190264,-0.061549691511331606,0.8287954358967502,0.014947990533890983,-0.0590930491462069,-2.2943764243738927
2024_18_BUF_NE,2024,18,2025-01-05,NE,BUF,23,16,140,-166,-21.73871283314684,-9.028669132298877,-59.67210404065969,-21.34464614467585,0.019395858731166005,-0.9673698091201484,-0.37360230227281693,-0.19420831928357432,2.3172277825200336
2024_18_NYG_PHI,2024,18,2025-01-05,PHI,NYG,20,13,-155,130,9.148985315525149,14.004414071337138,-56.80279524447215,110.09930785955478,0.016330502507174494,0.05883000302207009,0.2071832949292739,0.30327211168656126,5.874563733035108
2024_18_NO_TB,2024,18,2025-01-05,TB,NO,27,19,-1050,675,25.963800521002177,6.482136861542884,112.72249969999561,94.58758504701603,0.2207462834632492,1.849628850211741,0.46255520115381377,0.198407739219075,22.349804504224252
2024_18_HOU_TEN,2024,18,2025-01-05,TEN,HOU,14,23,-142,120,5.830070805879773,-2.1519530347179376,20.465083064528784,37.096692216399475,0.04570032304835281,0.5051307508677336,0.17004358430339844,-0.0311817279934576,2.1280634558796048
2024_18_SF_ARI,2024,18,2025-01-05,ARI,SF,47,24,-192,160,-4.411054272573779,8.610741372839069,-45.06671325050655,59.89251984307012,0.015962141234600713,-0.6636636715860851,-0.07165052306020342,0.12605779216911236,-3.238001943604102
2024_18_KC_DEN,2024,18,2025-01-05,DEN,KC,38,0,-485,370,1.890424019926705,-13.156041309332792,-40.54619433896761,9.523745390379645,0.018926841333723354,-0.24908753857181498,-0.061757425953034004,-0.13550561221877228,-0.42572051557732227
2024_18_SEA_LA,2024,18,2025-01-05,LA,SEA,25,30,285,-360,2.692039309841043,2.746112555713589,-32.51660094436863,6.312131666562024,-0.09076048392982727,-0.5478321140418441,0.12398874461023573,-0.040192397039178596,-11.698619501206739
2024_18_LAC_LV,2024,18,2025-01-05,LV,LAC,20,34,275,-345,-11.622956669253597,3.823039095267527,-9.094668745868859,-3.917991551664926,-0.07267649441642676,-0.5507144069991785,-0.17290933620900473,0.08595948217008555,-10.68141851484554
2024_18_MIA_NYJ,2024,18,2025-01-05,NYJ,MIA,32,20,-122,102,-5.435050103337897,-16.922314905489504,-3.3720761309419913,9.924266507441814,-0.09280872323074063,0.37273638483204685,-0.018612914073445664,-0.26856512734273646,-10.668635826249238
2024_18_MIN_DET,2024,18,2025-01-05,DET,MIN,31,9,-148,124,8.61996659116279,-7.191901031159137,23.63220788050438,47.85561364880955,0.028521672315628632,0.6754084273781809,0.16899453139321455,-0.22947915145170494,2.027670905344354
2024_19_LAC_HOU,2024,19,2025-01-11,HOU,LAC,32,12,136,-162,-14.791288949969367,-1.3246390906201988,-96.4064479220275,6.459870643297293,-0.09913274913623382,-0.4151973656781882,-0.2439523460340321,-0.0884267687636383,-10.040425028996797
2024_19_PIT_BAL,2024,19,2025-01-11,BAL,PIT,28,14,-520,390,15.990695200820547,13.510383800070468,32.64235361462198,100.38336696251974,0.004060772029720439,2.0103956857317407,0.33534762710979843,0.3381274841460547,2.4523673524968914
2024_19_DEN_BUF,2024,19,2025-01-12,BUF,DEN,31,7,-425,330,-3.4936970881307374,-6.564303307646526,-65.83673762248276,7.422995096185446,-0.18735551630519176,-0.5900821569653072,-0.1082045705264549,-0.1295331473682471,-13.19515185897993
2024_19_GB_PHI,2024,19,2025-01-12,PHI,GB,22,10,-250,205,2.1655335330874266,4.874462631912429,13.996921974141372,-20.784713996415775,0.002787748739301099,-0.6720562645691697,0.09183416323406063,0.020665329648758085,1.2217216156592794
2024_19_WAS_TB,2024,19,2025-01-12,TB,WAS,20,23,-162,136,5.356077154343382,4.434318544375756,57.230645043460214,31.4659429088305,0.04294401587338992,1.0826087146118288,0.1311385213623183,0.08999804176794002,4.539534641311514
2024_19_MIN_LA,2024,19,2025-01-13,LA,MIN,27,9,120,-142,0.2804104181125098,5.688135292428463,-7.721939777828993,-2.1534378411855357,0.04206909034788653,0.16751800711676168,0.06213005085786219,-0.11763071824274345,0.19229013876037016
2024_20_HOU_KC,2024,20,2025-01-18,KC,HOU,23,14,-550,410,-7.825964869335227,-6.187979573036284,-28.550009503346587,-74.89020861529322,0.009586907616399354,-1.0128318639827896,-0.006022017717235803,-0.2926016766766535,1.9616985974718144
2024_20_WAS_DET,2024,20,2025-01-18,DET,WAS,31,45,-520,390,8.919686583636288,0.6554299454975521,52.08942571730273,29.60028699677072,0.07992563205072378,1.064221361952269,0.04595457553887958,0.06418073254425227,1.6114652533567257
2024_20_LA_PHI,2024,20,2025-01-19,PHI,LA,28,22,-325,260,2.4653331994841885,2.2858524606874226,-44.75121848079647,52.27294824348628,-0.022093434343164464,-0.41480100775988404,0.04155410530165371,0.029966914754089427,4.395758741130691
2024_20_BAL_BUF,2024,20,2025-01-19,BUF,BAL,27,25,-102,-118,-1.378900082890695,-4.149623734168841,29.494708389836802,-84.32926830048117,-0.005355960859194098,-0.8197428928913482,-0.07472719619502682,-0.05699373871462346,-1.894946712474253
2024_21_WAS_PHI,2024,21,2025-01-26,PHI,WAS,55,23,-250,205,-6.711182917846671,8.6990787515951,-100.98179481562497,56.08814053734153,-0.009206816573769205,-0.002136393152535554,-0.1206975503480083,0.19064466389769885,-2.4929499703804967
2024_21_BUF_KC,2024,21,2025-01-26,KC,BUF,32,29,-118,-102,-9.962306890395297,0.1758016565567786,3.29127046758785,-96.2025787225279,-0.04540984162795425,-0.6061385014398253,-0.17022475827174938,-0.05435132451884182,-4.8865382836813005
2024_22_KC_PHI,2024,22,2025-02-09,PHI,KC,40,22,100,-120,14.131607091732672,4.167376186276474,-17.146974664037515,121.94816388270073,0.03345222147825455,1.1273660263731085,0.12684532979671376,0.20552233629897465,6.447524880878408
2025_01_DAL_PHI,2025,1,2025-09-04,PHI,DAL,24,20,-425,330,20.317990855568276,6.768972743753739,-15.056516123509056,52.6172973878966,0.10950658975031402,0.647225863362201,0.2165034434785808,0.29361341849381695,14.161591109671274
2025_01_KC_LAC,2025,1,2025-09-05,LAC,KC,27,21,145,-175,0.9963644768440787,5.544391667836354,40.83783028106819,18.810992716289604,-0.05575655947482472,0.13647607198422218,0.008741992357554962,0.18825923749935625,-4.435064202008432
2025_01_TB_ATL,2025,1,2025-09-07,ATL,TB,20,23,-105,-115,1.752253046187537,-10.356170038060462,13.61089317895113,22.220088182911013,-0.18268309788126103,-0.52036340980123,-0.05388919320145068,-0.0942506558291738,-17.72734862705134
2025_01_CIN_CLE,2025,1,2025-09-07,CLE,CIN,16,17,195,-238,-16.620742731504897,-8.29475334861501,-123.64530230973972,3.3815880596445,-0.22618089999276414,-1.2674502075843792,-0.3959279823985276,-0.06325169437679357,-20.30036696095351
2025_01_MIA_IND,2025,1,2025-09-07,IND,MIA,33,8,-112,-108,5.852823448969552,-9.344420821572463,6.884046707520383,69.76591439475925,-0.10691477432848828,0.5693118306792426,0.10026058764350251,-0.12620371211416437,-12.239689879766567
2025_01_CAR_JAX,2025,1,2025-09-07,JAX,CAR,26,10,-205,170,-9.99413343288445,15.196609515009253,-6.606331352693957,-19.004659369267316,-0.004938575981124349,-0.7944379751596493,-0.15127115703660482,0.19954676408851882,-6.867914875232013
2025_01_LV_NE,2025,1,2025-09-07,NE,LV,13,20,-155,130,-1.6087205127659736,-2.5484123615449015,-28.05645401444596,20.638471091246245,0.03454819240042839,0.012327864721754622,-0.03738897622048299,-0.05925584603544286,8.410693726083615
2025_01_ARI_NO,2025,1,2025-09-07,NO,ARI,13,20,220,-270,-16.39315784270014,-3.2382268626088546,-39.00106727039551,-70.27882421454935,-0.11892284074450443,-1.1054950210833816,-0.2689116189092499,-0.10507828921038645,-10.569628586027815
2025_01_PIT_NYJ,2025,1,2025-09-07,NYJ,PIT,32,34,130,-155,7.5851901425435475,-0.17640925162922372,32.937941763255225,26.020560219097064,0.019062122616384736,0.43696650521639224,0.04480453326158552,0.15915246626580695,-4.91254398700898
2025_01_NYG_WAS,2025,1,2025-09-07,WAS,NYG,21,6,-298,240,9.212372211188754,-10.65665640350117,66.6120544083565,41.70403919264152,-0.025521684309005033,0.3203691528767827,0.13587455634045398,-0.1702776102470992,-0.3737547090339157
2025_01_TEN_DEN,2025,1,2025-09-07,DEN,TEN,20,12,-455,350,4.546818731723455,3.615264136685383,-10.468215400887999,6.456503023337888,0.07871303379676187,0.33224492569493513,0.1443203485418707,0.10286452102380633,6.001164357824583
2025_01_SF_SEA,2025,1,2025-09-07,SEA,SF,13,17,114,-135,-2.5616520492721655,17.156534209057085,-98.31456800850523,4.057049008650637,0.05277603432289735,-0.566376930404612,-0.03130383754023944,0.24707712510128857,3.610671730454706
2025_01_DET_GB,2025,1,2025-09-07,GB,DET,27,13,-120,100,-13.448928642319363,9.68314042821433,-100.29013036896023,-36.896306976947045,-0.056061677364946716,-1.3267014131077994,-0.16377248370937325,0.2068997429704878,-3.603674181089184
2025_01_HOU_LA,2025,1,2025-09-07,LA,HOU,14,9,-166,140,3.2445663115961345,-0.9386722431067618,31.675767613074044,-44.917620977433174,-0.01895504207745391,-0.0877887334735794,-0.0005318063874077614,-0.06907052628461759,-4.092705352420594
2025_01_BAL_BUF,2025,1,2025-09-07,BUF,BAL,41,40,110,-130,0.20744344792565883,-6.542401120866742,-13.530733725339843,-66.46942098572075,-0.017197304523499768,-1.5502626014813705,-0.058731740414234485,-0.14956492209282576,-2.249912426633605
2025_01_MIN_CHI,2025,1,2025-09-08,CHI,MIN,24,27,-108,-112,0.0686031837135701,4.602234579526016,-68.11910109129806,-14.867356269911,0.03998299262716365,-0.6829593046418436,0.010639254982283464,-0.00427778275223473,8.3922308900249
2025_02_WAS_GB,2025,2,2025-09-11,GB,WAS,27,18,-185,154,-3.326767030597207,6.978779137228372,-54.11860390524595,-52.44907193335992,0.021590994319732215,-0.38396004783523274,-0.037815314064942235,0.1571016321155146,4.051032031650314
2025_02_CLE_BAL,2025,2,2025-09-14,BAL,CLE,41,17,-900,600,21.390931591957987,-3.7622589100996358,-13.668451765789086,150.77497482887412,0.10398319005808698,3.2072869930043737,0.4818211625260064,-0.09687275786411804,12.45104364751044
2025_02_JAX_CIN,2025,2,2025-09-14,CIN,JAX,31,27,-192,160,-0.3088801509755186,-1.1980779356206064,29.974734223437537,-70.62487479284091,0.07369477274536784,-0.7239648166981558,-0.021250945829432107,-0.0031548805403780363,7.837197726388771
2025_02_NYG_DAL,2025,2,2025-09-14,DAL,NYG,40,37,-238,195,4.680111512306194,-1.5041405379608008,19.047106004203584,44.16351807853022,0.01361578178939693,0.6684948765645462,0.09225042610011526,-0.022277033072828578,0.21192551452834874
2025_02_CHI_DET,2025,2,2025-09-14,DET,CHI,52,21,-270,220,5.868750873463018,-5.466791370445982,83.17601755696776,21.209226310089463,0.10425315693658566,1.071388038157342,0.1708973993371965,-0.20849793758031807,6.463106792224563
2025_02_NE_MIA,2025,2,2025-09-14,MIA,NE,27,33,-125,105,0.14233101619977973,-2.4785000255068432,-41.46200034750612,11.463454998924078,-0.0006910857350437283,-0.0482882036261687,-0.07080260602625495,0.02444178539042556,-2.5488893400753883
2025_02_SF_NO,2025,2,2025-09-14,NO,SF,21,26,140,-166,-7.503874243746642,3.876930776656753,-84.98465713241964,-22.285987385224374,-0.11839947573715903,-1.2455354986777785,-0.1917400142951645,-0.045267665303125794,-13.419586698651651
2025_02_BUF_NYJ,2025,2,2025-09-14,NYJ,BUF,10,30,235,-290,-6.91384973329097,1.524393530083099,-44.60121326242577,1.706861013931075,-0.010772652762541801,0.2900326559533388,-0.10445646973319625,0.13610669689232358,-3.071861499821078
2025_02_SEA_PIT,2025,2,2025-09-14,PIT,SEA,17,31,-192,160,4.9747325204119655,-9.882936803529212,37.144947088341695,-30.157726184000808,-0.04230378663407375,0.040700844397589364,0.10488485119171737,-0.16503362243270017,-2.1936609551401673
2025_02_LA_TEN,2025,2,2025-09-14,TEN,LA,19,33,205,-250,-4.091846790648267,-7.5233327052561165,-73.48851272573339,-0.16267532472637924,-0.11891453195930135,-1.140972183521587,-0.1740974904699896,-0.1020084734079429,-6.4367499001518755
2025_02_CAR_ARI,2025,2,2025-09-14,ARI,CAR,27,22,-310,250,4.266907163311931,13.894458434973917,21.132660651184523,26.593933463615585,0.10999313557070389,0.4329253415848555,0.0863970665644329,0.20441248197953066,3.334074238006155
2025_02_DEN_IND,2025,2,2025-09-14,IND,DEN,29,28,110,-130,8.55238501782146,-3.237577796221604,48.99784261034469,43.7509759340431,-0.018724902625230966,0.650277417267394,0.11901831157173443,-0.08987559172685416,-2.344660973299522
2025_02_PHI_KC,2025,2,2025-09-14,KC,PHI,17,20,102,-122,-10.607378553023757,-8.620255427059533,57.21291087905351,-88.54133899777224,-0.11621504053484732,0.327524725931438,-0.13605150824379253,-0.24058067533668973,-15.632074400124916
2025_02_ATL_MIN,2025,2,2025-09-14,MIN,ATL,6,22,-180,150,-5.27087019133382,2.297185916769404,-65.160733530145,-20.680183142849017,0.015465034802844668,-0.44751914962823314,-0.23763112456217622,0.16340320163711525,1.2095679124168734
2025_02_TB_HOU,2025,2,2025-09-15,HOU,TB,19,20,-135,114,-10.461662239519194,2.8218222017972785,5.634067217052973,3.7497745374127476,-9.102786750503356e-05,-0.1810624086275272,-0.23330542661989498,0.1327650546905979,-3.14423802545953
2025_02_LAC_LV,2025,2,2025-09-15,LV,LAC,9,20,164,-198,-5.496812861568216,4.214311856906587,-2.9830845354257463,-21.35338160617202,0.008949539003298645,-0.2645297278518699,-0.06265852670488092,0.019795365573995777,2.8818649720652396
2025_03_MIA_BUF,2025,3,2025-09-18,BUF,MIA,31,21,-800,550,11.662339017653593,6.1181438623644055,-3.9196404868280013,88.8315249572488,-0.08720355452145356,-0.18620506651841584,0.25346100960431517,0.12817940452103843,-6.583123499873509
2025_03_ATL_CAR,2025,3,2025-09-21,CAR,ATL,30,0,185,-225,-2.213819399078055,-11.342725035245454,32.920820996437186,-73.38335614144538,0.0004605057589016637,-0.5514964079630289,-0.02029771124153812,-0.25749596387360535,4.4770491494324105
2025_03_GB_CLE,2025,3,2025-09-21,CLE,GB,13,10,360,-470,-10.562314153022962,-12.657875307296472,-11.926773678377117,-29.30509382008951,-0.052184238597840604,-1.5234857230574699,-0.3162490454586818,-0.11838189967444865,-9.764700449467856
2025_03_HOU_JAX,2025,3,2025-09-21,JAX,HOU,17,10,-125,105,7.4161010054225684,-4.173260144622258,17.662022923657986,28.3243335090187,-0.011596408082007903,-0.33943666986412513,0.13845077122819532,0.023721861094869963,0.4580906362036701
2025_03_CIN_MIN,2025,3,2025-09-21,MIN,CIN,48,10,-162,136,-11.005486589298524,-2.270896078723869,-79.7838223616169,33.71184850437674,-0.08972733637486008,0.13704506660249383,-0.28402082925273947,0.051270691644663614,-11.33445574535865
2025_03_PIT_NE,2025,3,2025-09-21,NE,PIT,14,21,100,-120,2.251240663916793,4.7108127043033186,13.175227687559044,28.793687113913066,0.0985751925668471,0.42483936763027863,0.10595665739887565,0.05499145732690448,7.4526462404777805
2025_03_LA_PHI,2025,3,2025-09-21,PHI,LA,33,26,-198,164,2.963725650062514,-1.7789461087828577,-123.28320748191723,38.85854466417756,0.04687311947212802,-1.639550897308351,-0.013596289703176903,-0.0005050982242433555,5.10346652568567
2025_03_NYJ_TB,2025,3,2025-09-21,TB,NYJ,29,27,-345,275,3.4687630557625724,9.88310842193961,36.83786820160526,23.103244991942532,0.07779028263532572,0.4205913446506697,0.22328476761038252,0.15137370868308123,7.733752128970984
2025_03_IND_TEN,2025,3,2025-09-21,TEN,IND,20,41,200,-245,-12.68828575411332,-3.2789484114737775,-97.39014802188711,-70.97492664882749,-0.10452981272564021,-1.9251633712934542,-0.29057699392260483,-0.09871062862464672,-7.282509459123654
2025_03_LV_WAS,2025,3,2025-09-21,WAS,LV,41,24,-155,130,7.297734017730974,-6.323157028564609,-11.427092918411745,49.53799118709233,-0.004106497048013802,0.1580718983334668,0.1598433569541216,-0.11953826023398632,2.0117949604767276
2025_03_DEN_LAC,2025,3,2025-09-21,LAC,DEN,23,20,-155,130,-0.7037569391193514,4.977386169349444,65.84782312645919,-34.84103725018737,-0.024072061642087084,0.41218354251524314,-0.05594902153640169,0.10030295762645292,-1.681361441152909
2025_03_NO_SEA,2025,3,2025-09-21,SEA,NO,44,13,-375,295,6.620129808510008,6.490193849266497,20.317549796389898,4.832130074248852,0.05125888485979768,0.963416649037125,0.0766148157487036,0.148579504205717,8.731468341878557
2025_03_DAL_CHI,2025,3,2025-09-21,CHI,DAL,31,14,105,-125,-7.527309342556926,-4.712500232036483,-60.040249960016354,-15.436965172135885,-0.026581100952343006,-0.3935631162209985,-0.20685688055508034,0.026772953658984883,-0.8191262204773602
2025_03_ARI_SF,2025,3,2025-09-21,SF,ARI,16,15,-125,105,-3.479212277124063,-4.771920136533236,72.79041006210946,-23.28878428610315,-0.010029408789944072,-0.17242189377879225,-0.008471070033024053,-0.0037476940746035015,1.7154148607865507
2025_03_KC_NYG,2025,3,2025-09-21,NYG,KC,9,22,260,-325,3.2818835164259603,-5.322192608739151,73.50433567450898,-16.475534508097567,0.044104879146441345,0.40985155078821833,0.06744127305284942,-0.021390179697994866,6.66491468920635
2025_03_DET_BAL,2025,3,2025-09-22,BAL,DET,30,38,-245,200,0.3906304909168625,2.730699900800907,-79.11229167067623,10.757220565534027,-0.08087481070308533,-0.34433451911537993,0.015085231242388947,0.0869338817291761,-2.239762117221588
2025_04_SEA_ARI,2025,4,2025-09-25,ARI,SEA,20,23,105,-125,-9.583155791082774,-2.42665930723639,-37.59029934742853,16.13694798579334,-0.051917795945162326,-0.6587792289004044,0.03556937218985797,-0.043715950588923,-11.16504797233749
2025_04_MIN_PIT,2025,4,2025-09-28,PIT,MIN,24,21,124,-148,-7.240632293343285,-4.881814856627777,-3.6594051976275637,-57.685061118573614,0.039728449326610904,-0.8852542489507265,0.12040989115488629,-0.33423614650385697,7.245394132872418
2025_04_WAS_ATL,2025,4,2025-09-28,ATL,WAS,34,27,-142,120,-15.546722877522656,1.623777451053872,-11.911805660128977,-0.27517017489478235,-0.07525075534708581,-0.7145515716169264,-0.2095514724500087,0.13211933691550057,-12.713910842838702
2025_04_NO_BUF,2025,4,2025-09-28,BUF,NO,31,19,-1350,800,16.562368567228464,10.341372991107555,15.38974302497337,72.5044676606188,0.03709712984626945,1.4396897341976818,0.3197734322052778,0.07747432324000846,2.5470001765347647
2025_04_CLE_DET,2025,4,2025-09-28,DET,CLE,34,10,-550,410,23.226357078554763,-5.232833148116413,68.22673236672168,82.22465859907426,0.15558116653405973,2.385508281606456,0.456432904506679,-0.052085456295999207,14.051017691903322
2025_04_TEN_HOU,2025,4,2025-09-28,HOU,TEN,26,0,-440,340,-3.947761478671387,14.911152978403262,13.085898776840025,10.208769248027068,0.05683180525557552,0.9410367642303026,0.031171381114836666,0.3154534320231816,2.227391387464548
2025_04_CAR_NE,2025,4,2025-09-28,NE,CAR,42,13,-265,215,-5.899109524426546,-5.062705282861529,50.555374746193394,8.176298903215795,0.10574936422074466,0.8277422882564363,-0.016160621746838917,-0.11604934700234783,9.743438773710599
2025_04_LAC_NYG,2025,4,2025-09-28,NYG,LAC,21,18,230,-285,-5.430084617142747,-8.694904165496144,-42.55836993600536,6.4035048684229,-0.028533592117231055,-0.08829183126504248,-0.04506094771403473,-0.2736697028770393,1.4717523022078656
2025_04_PHI_TB,2025,4,2025-09-28,TB,PHI,25,31,154,-185,-4.152863307115368,-0.8657351228662442,39.77169448658728,10.28516049915045,-0.036748366211257766,0.729473169380964,0.024993098772337685,0.0013880287124607288,-6.001888287637085
2025_04_IND_LA,2025,4,2025-09-28,LA,IND,27,20,-185,154,-8.779906607834619,-1.0989692729920648,-15.258224231868269,-23.726392872394996,-0.055288335274420675,-0.5881841755188555,-0.16934005894393253,0.034257983062022324,-1.166481139687022
2025_04_JAX_SF,2025,4,2025-09-28,SF,JAX,21,26,-180,150,-1.0967079659790997,-3.287614700571332,61.812971443874005,-31.702448100998538,0.10991747128790808,0.5311385253756304,0.0382716049787411,-0.11381140897940008,12.008159127268703
2025_04_BAL_KC,2025,4,2025-09-28,KC,BAL,37,20,124,-148,-12.844713257748452,10.33193125101128,-25.6514009083115,-25.401020511083416,-0.11077480430076247,-1.4253213754545966,-0.11379040794397269,0.10325223409345141,-11.953693914132852
2025_04_CHI_LV,2025,4,2025-09-28,LV,CHI,24,25,-125,105,-5.477222551917887,-1.3789528331297092,17.531651317748555,-24.08740965163419,-0.014565332769964301,-0.33334486680243725,-0.09478844836929323,4.3131686319142215e-05,1.8583258128722822
2025_04_GB_DAL,2025,4,2025-09-28,DAL,GB,40,40,275,-345,3.4526038778284516,-14.672013299911853,62.751451815196816,20.748459938669882,0.020113832875275794,0.4102536227329878,-0.005059651966526142,-0.31400699551918726,0.10671735459755638
2025_04_NYJ_MIA,2025,4,2025-09-29,MIA,NYJ,27,21,-148,124,-2.1084175066074096,-0.2196679882485597,21.28822106657006,-11.753384939364466,0.050377352472687265,0.43029836279125266,0.07563081415174616,-0.1107396597748719,3.309915798173765
2025_04_CIN_DEN,2025,4,2025-09-29,DEN,CIN,28,3,-470,360,2.9434105758212965,9.557008218717556,-31.919151378064157,61.536190225025436,-0.041917493283716856,1.0817996762770292,0.26015748925969495,0.07012339985906846,-5.044820052571106
2025_05_SF_LA,2025,5,2025-10-02,LA,SF,23,26,-440,340,5.416724211618195,0.8092905497001759,-1.1521316361868799,34.094585118677045,0.02536233324725079,0.40627088865197347,0.05987055677263053,0.12987740332556058,3.895195406065232
2025_05_MIN_CLE,2025,5,2025-10-05,CLE,MIN,17,21,164,-198,-13.094473085855569,-6.359877445639913,-67.0654551291602,-15.710811649045695,-0.09369493025218711,-1.4719817072109018,-0.19318118305850923,-0.040617750066663315,-7.584786594376211
2025_05_HOU_BAL,2025,5,2025-10-05,BAL,HOU,10,44,124,-148,9.399071215201307,-21.55920644472009,9.08485408402666,28.990635483559828,0.010485925029686927,1.273339207709471,0.10696398181499231,-0.3153664665055013,5.917344620844882
2025_05_MIA_CAR,2025,5,2025-10-05,CAR,MIA,27,24,100,-120,-2.907277784843224,-1.5630208247736057,8.062567227345312,1.1621143783029169,-0.05146076274442857,-0.4893997295346395,-0.04345936584493796,0.04301003823588033,-0.6583418418380629
2025_05_LV_IND,2025,5,2025-10-05,IND,LV,40,6,-360,285,7.4959792400311365,2.56653281395851,55.65066393796113,-15.90668536124609,0.05526231274742832,0.42609725661389497,0.20812400523499813,-0.007674009991624065,4.343045529112526
2025_05_NYG_NO,2025,5,2025-10-05,NO,NYG,26,14,-120,100,-2.32278658075019,-8.241488391389534,-12.394149203624352,6.078687173444493,0.016825022478761498,-0.2347267443323391,-0.04040583641662569,-0.08628955523717619,2.298837988033966
2025_05_DAL_NYJ,2025,5,2025-10-05,NYJ,DAL,22,37,-115,-105,-7.161661069462095,5.94549876197248,-93.58034035023232,24.250729843862374,-0.046346294345705585,-0.1074071323586363,-0.16639626182885503,0.16749772073425306,-5.283804238609221
2025_05_DEN_PHI,2025,5,2025-10-05,PHI,DEN,17,21,-218,180,5.710312433171175,-8.255118966940929,-80.31335522877669,-36.14054884257979,0.007060384334846459,-1.4932949154064685,-0.07315947997063187,-0.015418232769302528,5.129976674767706
2025_05_TEN_ARI,2025,5,2025-10-05,ARI,TEN,21,22,-425,330,10.335631114926493,9.829640563787109,36.21310276258586,16.164515094460967,0.16396755200836743,0.5253416438990719,0.2498806476448249,0.1708645301882416,10.054986432820721
2025_05_TB_SEA,2025,5,2025-10-05,SEA,TB,35,38,-180,150,2.690462433042846,8.404457956675198,-11.579298376177576,-1.8729639457501008,0.0922705964521251,0.32772218489716476,0.06085230305136536,0.006486655704429904,12.149359731180262
2025_05_DET_CIN,2025,5,2025-10-05,CIN,DET,24,37,425,-575,-22.799365989129818,-10.00290007714965,-43.62840824069073,-92.40024897197449,-0.04951249908169564,-1.6906919387085928,-0.33403845466541915,-0.21133462986207435,-6.650262260704657
2025_05_WAS_LAC,2025,5,2025-10-05,LAC,WAS,10,27,-155,130,-7.775872668284414,9.11004516919144,54.80609971028019,-32.149346400420086,-0.020590162336264206,-0.13959975538104263,-0.15609461555889534,0.258326386714544,-7.125490704177519
2025_05_NE_BUF,2025,5,2025-10-05,BUF,NE,20,23,-395,310,3.045185545854448,-1.596824215058291,-8.926862650319407,59.19145526437717,-0.04675128913783644,0.3581204862339229,0.0607213964624132,0.04919777772358508,-5.665271797046476
2025_05_KC_JAX,2025,5,2025-10-06,JAX,KC,31,28,164,-198,-4.1424468986001095,0.3376740420493114,-35.01568528652288,24.20673688633697,-0.02089085003347957,-0.23069851735814595,-0.09753292065480015,0.049472297121666425,-5.496739779159271
2025_06_PHI_NYG,2025,6,2025-10-09,NYG,PHI,34,17,310,-395,-7.981029420923871,-2.2699787068345714,-12.621870244380716,45.13592701213966,-0.0023802039074291015,-0.12327121355777315,-0.15062403672971794,-0.09700697887864947,-1.5871043213288032
2025_06_DEN_NYJ,2025,6,2025-10-12,NYJ,DEN,11,13,310,-395,-1.106096150703543,-16.167487443535364,-7.57118265364133,5.476027555886731,0.043744091318566825,0.24660249760482955,-0.07236092696594004,-0.2454285162976923,4.312458438530246
2025_06_LA_BAL,2025,6,2025-10-12,BAL,LA,3,17,280,-355,-3.825654747268935,-13.304132713208073,-124.75747523917667,-0.1835445026589042,0.05105044287099725,-0.40488121759243256,-0.15067375417047274,-0.22854140724614627,4.58753406976425
2025_06_DAL_CAR,2025,6,2025-10-12,CAR,DAL,30,27,145,-175,-9.360393614961861,3.1904062865498446,-71.006904289767,16.85648795512796,-0.050068693877323045,-0.8364029272328031,-0.16904314079865773,0.058831919973282396,-0.2813241022155215
2025_06_ARI_IND,2025,6,2025-10-12,IND,ARI,31,27,-470,360,11.963291053932583,3.9944685186060696,37.96441031517611,-15.104124900529854,-0.002042224155362038,0.7120360202007241,0.17911279184974405,0.08358853876117775,0.7766164186716735
2025_06_SEA_JAX,2025,6,2025-10-12,JAX,SEA,12,20,-105,-115,-4.542631068896121,3.183209192109402,-66.38244891145328,1.27980518544679,-0.10109703162257433,-1.4685421773629592,-0.1209790436831069,0.09362856075595663,-11.859562229933944
2025_06_LAC_MIA,2025,6,2025-10-12,MIA,LAC,27,29,170,-205,6.894885045767566,-3.993683331884327,-15.538552864991289,-59.101526976244045,0.043297304634242195,-0.47078254399045605,0.14454833103157666,-0.12244294778387899,6.420968387178959
2025_06_NE_NO,2025,6,2025-10-12,NO,NE,19,25,160,-192,-5.815341356689583,-5.160988805833693,-42.416425079182034,21.973264800803534,-0.0799988138204325,-1.0302833048710411,-0.12028533315443993,0.05073001332862337,-11.504702164898902
2025_06_CLE_PIT,2025,6,2025-10-12,PIT,CLE,23,9,-278,225,7.985866587185912,2.234906041818803,4.3681664485880844,-15.423468229391034,0.16860472755744715,0.847159815147613,0.24819274368258842,-0.0397668809638315,13.041497252442472
2025_06_TEN_LV,2025,6,2025-10-12,LV,TEN,20,10,-185,154,-0.33291782113020396,-5.647666831496771,11.101873609950928,44.138595372894386,0.15057408179436382,0.9166366336784435,-0.00450039319131279,-0.017955507617855762,10.820188057242127
2025_06_CIN_GB,2025,6,2025-10-12,GB,CIN,27,18,-1000,650,9.87633701762276,7.566512600393988,55.88741425461487,60.66586285545763,0.053264215007142623,0.8373103493261205,0.3161769539627465,0.0786148375542323,8.004436109441642
2025_06_SF_TB,2025,6,2025-10-12,TB,SF,30,19,-192,160,7.723168476822888,-6.642342673908836,-14.522641782634821,15.176854498362744,0.07051329253511829,0.8354564397577189,0.12029695547869595,-0.03466605735077495,7.716688763931438
2025_06_DET_KC,2025,6,2025-10-12,KC,DET,30,17,-142,120,-8.571720586751397,-2.042673571062945,33.341240672141765,-8.67680774183468,-0.08267159564238447,0.15783934764527885,-0.0012388850670311813,-0.10117741382014789,-7.9240495887831335
2025_06_BUF_ATL,2025,6,2025-10-13,ATL,BUF,24,14,170,-205,-4.5426816123084635,-3.1781113363192084,17.378909213004647,-4.179686561363923,-0.05233942332407304,-0.18381456031491528,-0.07462932539064826,-0.0020937869639403982,-6.231334499365298
2025_06_CHI_WAS,2025,6,2025-10-13,WAS,CHI,24,25,-258,210,3.4870719284171976,4.4148067328892004,-21.627219885083093,65.7513409185301,-0.01853802706967933,1.2532221604802167,0.2098125308586839,-0.062095484363924286,6.508563467478145
2025_07_PIT_CIN,2025,7,2025-10-16,CIN,PIT,33,31,200,-245,-4.846398579430456,-13.656279612858302,2.345847355410399,-33.12948243487616,-0.07028108273180023,-0.806383254512042,-0.13740578037437476,-0.19738215379963808,-4.663192056685384
2025_07_LA_JAX,2025,7,2025-10-19,JAX,LA,7,35,140,-166,-1.073131795531065,-6.141219822568656,-41.896834442849524,5.805678147091953,-0.0034797414803623417,-0.8340037495190957,-0.0375139639099399,-0.16753131502030272,-1.0790039604816704
2025_07_NO_CHI,2025,7,2025-10-19,CHI,NO,26,14,-225,185,4.924172449904972,-0.15546517999504061,25.876637654830915,16.0554757190138,-0.09632600031737104,0.5369985852252404,0.057764493926916904,0.051728617586660225,-9.075848790849442
2025_07_MIA_CLE,2025,7,2025-10-19,CLE,MIA,31,6,-148,124,-12.885822185409166,3.534962964106935,-14.575756685095712,-7.751139102724025,-0.1395451947056735,-1.4485919838444987,-0.19617924176494084,0.09300023083189501,-13.744652673065744
2025_07_LV_KC,2025,7,2025-10-19,KC,LV,31,0,-950,625,11.588241787083906,2.0717919723523686,68.0392748438812,17.327945277524734,-0.00532281341729246,1.0467459381083861,0.3280574153270875,-0.08031878506138271,3.8510817475853023
2025_07_PHI_MIN,2025,7,2025-10-19,MIN,PHI,22,28,124,-148,1.7215370447150171,7.761262014100044,22.474883095757065,21.022884932285876,-0.0013908013820074228,0.2847629197280348,0.015613413156533001,0.1773916562066921,-1.5060240621530463
2025_07_CAR_NYJ,2025,7,2025-10-19,NYJ,CAR,6,13,-112,-108,-8.16196181602924,2.22613578238019,-41.644779952223445,-59.62363002928633,-0.02888773925795607,-1.4616068725398188,-0.285059073032066,0.1049086337690311,-11.740638917425867
2025_07_NE_TEN,2025,7,2025-10-19,TEN,NE,13,31,235,-290,-12.559624843078266,-4.567893173961696,-42.580922247472586,-7.8322417309698125,-0.1415252635265436,-1.1032948173012818,-0.3099789062269591,-0.038437630060915384,-16.129463107048075
2025_07_NYG_DEN,2025,7,2025-10-19,DEN,NYG,33,32,-425,330,-4.707094823387301,7.693830052199477,18.965930028988055,-31.270958623955067,-0.006889594423644674,0.04617192743992238,-0.05449875045922013,0.21175737203221215,0.41523652574656067
2025_07_IND_LAC,2025,7,2025-10-19,LAC,IND,24,38,-135,114,-10.651280358295665,-3.3310167030181184,14.906205635808732,6.671965683744531,0.0028496358279284095,-0.15438252156669297,-0.1770975960668538,-0.04993743103110456,1.1304298542656137
2025_07_GB_ARI,2025,7,2025-10-19,ARI,GB,23,27,310,-395,-3.648726699570009,-2.428988945591236,-10.285159198156066,-25.213389795719976,-0.051633060320245616,-0.650135802632196,-0.16076227564716525,0.015696823920886574,-4.888535653622991
2025_07_WAS_DAL,2025,7,2025-10-19,DAL,WAS,44,22,-125,105,3.7472330333117085,-6.9535250070700805,56.95373095241058,-43.050212486785355,0.04724786418566418,-0.03995230996179355,0.12577107479868044,-0.10735853490620612,-0.2995245248096472
2025_07_ATL_SF,2025,7,2025-10-19,SF,ATL,20,10,-115,-105,-1.74996138194253,-5.2715399014805335,76.85175691741995,-93.78755469880025,0.02380675071347582,-0.5771633894877164,-0.09299903596828571,-0.17739214209862386,4.986658490647736
2025_07_TB_DET,2025,7,2025-10-20,DET,TB,24,9,-278,225,-1.7626989298953681,0.199571867168725,-58.43711446243273,21.785275456817544,0.034966130019419284,-0.7786549045410398,-0.08820966179624756,-0.058801378884843304,5.236869234890106
2025_07_HOU_SEA,2025,7,2025-10-20,SEA,HOU,27,19,-166,140,-2.3917271968401437,-9.820264580935277,46.916072374680255,-37.85912574319818,-0.04978841833112313,0.8871056621331492,0.0006673093996781981,-0.2649821237511325,2.415608078083368
2025_08_MIN_LAC,2025,8,2025-10-23,LAC,MIN,37,10,-170,142,-0.35755385197990464,-7.07028996307217,34.13636159827496,6.843708534051132,0.04011906439800805,0.25806179802541784,0.07798055385364604,-0.14168599963253437,1.9485472871542404
2025_08_MIA_ATL,2025,8,2025-10-26,ATL,MIA,10,34,-355,280,0.4394981015816981,8.598826785662546,55.83769607242593,27.407332218584642,-0.02845953674386026,0.6703347605244039,0.18420527361455263,0.0884773476019173,-2.758351869947832
2025_08_CHI_BAL,2025,8,2025-10-26,BAL,CHI,30,16,-148,124,-11.49238022045669,-8.40975898982208,-31.657185875289855,-23.572314776834247,0.07173249715124574,-0.3781568880539945,-0.23956525722877411,-0.2292194794886011,7.393182109430687
2025_08_BUF_CAR,2025,8,2025-10-26,CAR,BUF,9,40,310,-395,-1.0346182482187842,4.26597893927325,-13.349010343520376,18.869562984789724,-0.026837902424868942,-0.6076729807824632,0.007554699229299723,0.07048363594509353,3.5642735078340415
2025_08_NYJ_CIN,2025,8,2025-10-26,CIN,NYJ,38,39,-258,210,10.768728603626837,-11.018292785473069,100.55194777390804,-12.397660173282517,0.08659844303600861,1.1306927087142142,0.3054276438988175,-0.2211719835811632,8.528445511819244
2025_08_SF_HOU,2025,8,2025-10-26,HOU,SF,26,15,-155,130,4.20451685529758,2.404278304595824,-23.03092291581106,-11.601417146952514,-0.03048391753563051,-0.23483537992584225,-0.05846808399824978,0.2629804424662123,-2.7112840926463115
2025_08_CLE_NE,2025,8,2025-10-26,NE,CLE,32,13,-380,300,8.220596715353679,-0.0011168812741111367,77.77494509927067,24.329348505204607,0.17984833360524,1.8907127043318308,0.2717399346029789,-0.06160995683255281,22.421748310640353
2025_08_NYG_PHI,2025,8,2025-10-26,PHI,NYG,38,20,-380,300,-2.8068294084674044,1.137192334460444,42.86387328797707,-69.60893372437026,0.167095851819566,0.9536017028861741,-0.0203879775840312,0.02437839105855753,16.246258036776123
2025_08_TB_NO,2025,8,2025-10-26,NO,TB,3,23,180,-218,-4.254281408372481,-0.4627545550771188,-39.28102112142162,0.11057335314438888,0.01325644016866312,-0.3734953925892137,-0.08885253203845352,-0.07348479969303194,1.6422997080589903
2025_08_DAL_DEN,2025,8,2025-10-26,DEN,DAL,44,24,-192,160,-11.068724176750536,5.504523212258782,-25.743727760339254,5.362787726155062,-0.10343465798999985,-1.0167311951507711,-0.1795370913259301,0.0698771751126396,-7.244716360942383
2025_08_TEN_IND,2025,8,2025-10-26,IND,TEN,38,14,-1650,950,21.43528110023985,4.537211028476197,25.809217910181957,63.81405029621282,0.04890339091892015,1.321313997148751,0.4994843379151376,0.08574276603811756,3.620694274209894
2025_08_GB_PIT,2025,8,2025-10-26,PIT,GB,25,35,130,-155,-1.2076421786859193,-0.6901767684268556,-3.1269775449075894,-4.282021167039048,0.01079485329543639,0.4679993630829111,0.01396256055385628,-0.062291445447262096,2.610748135360271
2025_08_WAS_KC,2025,8,2025-10-27,KC,WAS,28,7,-700,500,4.860993275031586,18.511083873952607,60.08141565166443,-6.266827028193461,0.11653382269168577,0.06722563500416268,0.21749123554905275,0.3261505337501942,6.663649418261382
2025_09_BAL_MIA,2025,9,2025-10-30,MIA,BAL,6,28,350,-455,3.749377740888267,2.4486799024375117,13.678975133610152,-35.07000661586011,-0.01799381408616829,-0.5191893636499456,-0.008247639489174792,0.16595723679113542,-5.645201747748094
2025_09_CHI_CIN,2025,9,2025-11-02,CIN,CHI,42,47,136,-162,7.8912973161041435,-9.742109779973369,6.201420202644584,-3.5018883730452046,0.014984849058791494,0.11992533781107273,0.1105389624032439,-0.23928756499737008,-2.3995748383619815
2025_09_MIN_DET,2025,9,2025-11-02,DET,MIN,24,27,-550,410,8.959329690835894,9.733691295745896,-0.8343537931715161,67.03878043824615,0.11003404628393687,0.891841386468851,0.2045240230935583,0.2141099131190782,10.643790150288359
2025_09_CAR_GB,2025,9,2025-11-02,GB,CAR,13,16,-1000,650,14.232219704212092,3.3607999320581285,91.81072936054119,-31.767276537733736,0.08172684964840737,1.136191248768255,0.3319591605624024,0.14339025611548106,3.545348414793033
2025_09_DEN_HOU,2025,9,2025-11-02,HOU,DEN,15,18,-125,105,-7.026604437237502,6.017890019052185,24.913733001190053,-22.39125190940227,0.06484501989273772,-0.5115635065168673,-0.11443718871359977,0.1552045493221544,1.564226726168278
2025_09_ATL_NE,2025,9,2025-11-02,NE,ATL,24,23,-250,205,14.829763181515888,10.512620466916506,42.63507700947241,49.362799694991324,0.14550114028746075,1.1909309834965196,0.25849402770290564,0.26600723539670507,19.269124611989415
2025_09_SF_NYG,2025,9,2025-11-02,NYG,SF,24,34,124,-148,5.803868686835479,-8.785101855086499,-16.20002156111238,20.36794672585458,-0.05970753182229516,-0.136221871748603,0.09571828079059759,-0.10980400604534209,-3.3217631392823987
2025_09_IND_PIT,2025,9,2025-11-02,PIT,IND,27,20,154,-185,-10.411114563015783,-9.138475240662178,-38.18184184368641,-33.79790139524981,-0.0011430666611981222,-1.3148175251516427,-0.24430820424665395,-0.19110759443910505,0.44678485442832105
2025_09_LAC_TEN,2025,9,2025-11-02,TEN,LAC,20,27,470,-650,-14.86670773115747,-9.363160603999198,-39.73176477500027,-62.45033782387573,-0.08589056035906006,-0.8453366033655128,-0.26491102701298164,-0.23746658752437572,-8.515259410832527
2025_09_NO_LA,2025,9,2025-11-02,LA,NO,34,10,-1200,750,15.294509658708593,12.327664918063446,-2.366030883331206,25.62265841370163,-0.00930163760150493,0.4390268750235,0.3776884106728968,0.1102030701988965,3.1585687771940107
2025_09_JAX_LV,2025,9,2025-11-02,LV,JAX,29,30,110,-130,-4.9701765421527195,0.5719872235059285,-107.9321768844398,-23.449422333963625,0.10259405590847803,-0.8354278905280177,-0.27176330588065584,0.030051903560152415,4.055560949793238
2025_09_KC_BUF,2025,9,2025-11-02,BUF,KC,28,21,114,-135,0.10333385507276915,-6.728378932585976,-82.44159136860833,43.381283329107134,-0.08372489806118744,0.24380257470973987,-0.08830745356544248,-0.10936980653314132,-11.103347264235644
2025_09_SEA_WAS,2025,9,2025-11-02,WAS,SEA,14,38,124,-148,-9.10406814768865,-10.183346925857013,-42.693439998521086,2.6329254620515172,0.010258507723696186,-0.44795953028241886,-0.04335420036647862,-0.26188964464309805,-4.748967834149203
2025_09_ARI_DAL,2025,9,2025-11-03,DAL,ARI,17,27,-175,145,7.762112734827891,-7.776920882184406,-4.665594060226567,10.041900507849974,0.0011026327192094065,0.41553908116226523,0.14264241133850733,-0.08031082555718345,-1.887254733108483
2025_10_LV_DEN,2025,10,2025-11-06,DEN,LV,10,7,-500,380,8.925534979125139,8.458893279772628,12.164114988423648,61.97272844182275,-0.14013332706174275,0.5891708832038303,0.1948472443378499,0.1579607080026013,-3.1282396126339354
2025_10_ATL_IND,2025,10,2025-11-09,IND,ATL,31,25,-310,250,11.54968013889097,2.9223033248256094,74.69888544789484,21.79497370974194,0.04096160824618322,1.1623090401146543,0.18421015544998806,0.08086450263698122,1.3303750593851074
2025_10_NO_CAR,2025,10,2025-11-09,CAR,NO,7,17,-245,200,4.980641093798614,6.822893726913236,-59.01322287389641,88.51671148018744,-0.026867769821610987,-0.19491318642734257,0.24949016445882885,0.02460470701973376,0.9668779133351744
2025_10_NYG_CHI,2025,10,2025-11-09,CHI,NYG,24,20,-218,180,7.585081364660336,0.7124413838066204,60.06366469136961,80.85074146991403,-0.025139010158143127,1.268826187606356,0.08075993171709307,0.14610648994550154,0.505327546620554
2025_10_JAX_HOU,2025,10,2025-11-09,HOU,JAX,36,29,-105,-115,0.12746639149100503,10.812819625307498,5.1530486584738355,-12.331676104196788,0.022583185966171815,-0.035349505610946075,-0.05402444091735438,0.2519631912333345,0.21437860325299285
2025_10_BUF_MIA,2025,10,2025-11-09,MIA,BUF,30,13,350,-455,-11.80911264880935,-5.311027082527236,-7.696268951265722,-61.831723339532545,-0.0705627577276885,-1.0931255377786417,-0.2837282598714393,-0.09241562437079401,-6.331406415125331
2025_10_BAL_MIN,2025,10,2025-11-09,MIN,BAL,19,27,190,-230,-1.9104310706857532,-9.983106312019306,4.866491356089966,-50.946981145653226,-0.1409639610909339,-0.9508429996901562,-0.1686719758331533,-0.08292931262782074,-13.092603243196134
2025_10_CLE_NYJ,2025,10,2025-11-09,NYJ,CLE,27,20,110,-130,6.4150065320610885,-4.206545284312288,34.51286033649794,80.74051328986563,-0.008718121086578101,1.2594784848835543,0.19092953300829893,-0.1734359477762779,3.36490382406725
2025_10_NE_TB,2025,10,2025-11-09,TB,NE,23,28,-148,124,-5.0459655114337885,2.2729047287965685,-42.326761585260016,-49.08872749332906,-0.08384700975085424,-0.9471418078434368,-0.16785807297788474,0.10788255336851466,-16.47697470029419
2025_10_ARI_SEA,2025,10,2025-11-09,SEA,ARI,44,22,-340,270,6.462306194314596,4.817817027730705,23.714701677256016,-12.479769075375287,0.05167605154057775,1.5147453475973736,0.11358600157256413,0.07582229617544813,7.071493655804632
2025_10_LA_SF,2025,10,2025-11-09,SF,LA,26,42,210,-258,-5.132487122807305,-11.623559700471718,-21.078679491260033,-6.22512179834078,0.009716933964195262,0.13538632873967238,-0.07685402812054748,-0.3386147200011326,-1.3512932107323774
2025_10_DET_WAS,2025,10,2025-11-09,WAS,DET,22,44,350,-455,-9.458385342528505,-11.143836276509845,-62.8665798621895,18.62071998540739,-0.03772863443923191,-0.5046463675247148,-0.06504174979747862,-0.335641984671176,-1.6746363605191577
2025_10_PIT_LAC,2025,10,2025-11-09,LAC,PIT,25,10,-162,136,1.6899921804176081,3.7075855365453947,53.136845523546526,59.735885424838685,-0.012663641455938346,0.904936575024812,0.1069645021880389,0.18566678129792225,3.7572363017891472
2025_10_PHI_GB,2025,10,2025-11-10,GB,PHI,7,10,-110,-110,-6.421696462828603,2.399245244961417,42.38201460070334,-42.34757775052567,-0.02537236860394365,-0.8039090173774772,-0.10103887533814374,0.010635637171116638,-1.6979302013917152
2025_11_NYJ_NE,2025,11,2025-11-13,NE,NYJ,27,14,-950,625,2.749463272338069,4.027109746642466,123.68971989844448,-5.888577304996119,0.06406026243606056,1.7474643786727766,0.22411352521595893,0.08017191860085124,11.941618738347458
2025_11_WAS_MIA,2025,11,2025-11-16,MIA,WAS,16,13,-148,124,3.5857071459474064,17.89356145152647,3.864851517301105,27.59659335666929,-0.009657526728627408,0.396083589488347,0.028606879801177862,0.37141431710732414,-4.822331066615454
2025_11_CAR_ATL,2025,11,2025-11-16,ATL,CAR,27,30,-218,180,8.400941542271292,-7.802721114696254,59.79856721508497,-12.534875849219816,-0.09304840020073124,0.6836849606929061,0.10502134766741972,0.017715875704817044,-5.628783773417164
2025_11_TB_BUF,2025,11,2025-11-16,BUF,TB,44,32,-285,230,-0.18459943914148624,-2.36301654155465,20.892248246861385,40.76567885030582,0.07315782723412478,0.9003143928244928,0.09687191975489136,-0.14199229659197005,9.424648022425528
2025_11_LAC_JAX,2025,11,2025-11-16,JAX,LAC,35,6,130,-155,-2.4229013381495434,-14.379641462807896,-40.512096367539556,-21.088238508646626,-0.05531913604111427,-0.7005795764999556,-0.08339496917451018,-0.33463950252110725,-5.668432682498615
2025_11_CHI_MIN,2025,11,2025-11-16,MIN,CHI,17,19,-148,124,-8.172612770030096,0.04962827098684741,-30.4940573354086,-76.31580867918814,-0.03917091959463992,-1.0119856215567076,-0.24724220301435135,0.017207308204052647,-2.8609554352380435
2025_11_GB_NYG,2025,11,2025-11-16,NYG,GB,20,27,340,-440,5.6839401809159575,-12.5224373293002,1.0250845797873183,28.58773743670747,-0.02619511647548267,0.4245544891164279,0.047906230786583834,-0.19391300487136404,-0.4541187132798452
2025_11_CIN_PIT,2025,11,2025-11-16,PIT,CIN,34,12,-250,205,-14.80418692966441,14.352682689579812,-143.26374081856272,-19.006287809256037,-0.021123494959651934,-1.8776876128114033,-0.3338729419565921,0.33862752195764223,-2.817095001560696
2025_11_HOU_TEN,2025,11,2025-11-16,TEN,HOU,13,16,215,-265,-11.054597240451109,-7.773838753360383,-62.75901569333226,-30.92634833803595,-0.025827323787546597,-0.14678042110147338,-0.20144848268562296,-0.3094544802482255,-3.3068254842571925
2025_11_SF_ARI,2025,11,2025-11-16,ARI,SF,22,41,160,-192,-1.5417629242101505,-0.4524017893275989,-7.007364172328778,18.65349825196759,-0.1568704438495402,-0.5509768134901192,-0.1668406037679848,0.21244050449706853,-10.475021925630013
2025_11_SEA_LA,2025,11,2025-11-16,LA,SEA,21,19,-175,145,-1.6561285186942314,2.1358473929722095,21.825750860731176,-14.230563727737959,-0.0895379970259732,-1.0638261924645844,0.14670582855376274,-0.05286064134466986,-6.805352501272448
2025_11_BAL_CLE,2025,11,2025-11-16,CLE,BAL,16,23,340,-440,-6.631044869567578,-6.915767857384541,-20.671434977189506,-36.91434140122175,-0.09782329673700696,-1.1724213691108378,-0.17571277549061848,0.09271443222396308,-10.734839497592242
2025_11_KC_DEN,2025,11,2025-11-16,DEN,KC,22,19,180,-218,-5.771739238535041,3.0438289018354645,-81.38201437322417,-4.687199114851708,-0.03980990654796024,-1.1155721723434082,-0.2320594298741781,0.16304140729389627,-7.642542637480507
2025_11_DET_PHI,2025,11,2025-11-16,PHI,DET,16,9,-155,130,-11.114717040685825,5.4216682145840025,-64.73806745408075,-21.427787946920944,-0.03617041996586923,-0.5778831399024167,-0.08217581060242349,0.07364011230955331,-0.14510860525347802
2025_11_DAL_LV,2025,11,2025-11-17,LV,DAL,16,33,164,-198,-11.994504982194082,10.246444530121966,-75.91317961739983,-49.132048012949355,0.011612523119196472,-1.3840712825347117,-0.27028003939118994,0.21679342945357344,-4.55011690786348
2025_12_BUF_HOU,2025,12,2025-11-20,HOU,BUF,23,19,210,-258,-8.342293212219662,8.470517727248552,-14.43346640345976,-20.23541406232691,-0.05755674624478602,-1.5775083894297017,-0.17073205774619168,0.2138981417250002,-5.295214280525666
2025_12_NYJ_BAL,2025,12,2025-11-23,BAL,NYJ,23,10,-1050,675,3.5892245701985566,8.383817016783148,57.898231265174445,18.122020056381416,0.06020118850205913,1.15691306730836,0.07227520603349191,0.2844362839388909,3.8755580235820766
2025_12_PIT_CHI,2025,12,2025-11-23,CHI,PIT,31,28,-155,130,-0.6144961738150059,-3.1675365902216157,12.425626326585473,75.92425933444179,-0.09255387095576373,0.3558166931189204,0.0837757222186924,-0.04029382204383734,-4.137816623801357
2025_12_NE_CIN,2025,12,2025-11-23,CIN,NE,20,26,310,-395,-1.867632585019443,-19.420217089647664,10.94538878009746,-13.096748214431358,-0.06351858292275914,-0.15502411792405457,-0.09951469297458787,-0.33321761928960636,-12.582153767705769
2025_12_NYG_DET,2025,12,2025-11-23,DET,NYG,34,27,-1050,675,1.890276842480219,8.516733180643605,46.250264468322825,-14.570841703682675,-0.059036034475454136,0.7441501547775511,-0.13784266648455473,0.30517344337519314,-9.898235040496234
2025_12_MIN_GB,2025,12,2025-11-23,GB,MIN,23,6,-290,235,1.8025742621907597,5.867206536817626,24.138464364479717,4.250575816319369,0.0923722294015692,0.445583134901292,0.281624564497044,-0.04602516084283651,11.703175867196439
2025_12_IND_KC,2025,12,2025-11-23,KC,IND,23,20,-218,180,-7.0804722718168165,4.014104084648821,-5.495539356922507,-99.13119597981851,-0.06515743076830272,-1.2097983295952925,-0.007414653967504958,-0.011197576375208827,-2.102404918663943
2025_12_SEA_TEN,2025,12,2025-11-23,TEN,SEA,24,30,625,-950,-14.554825435251265,-4.161281840127103,-58.18909112630337,-63.06913474911208,-0.10588717768898503,-1.2352412073960677,-0.15414841695868883,-0.2261178045028704,-13.533812892696972
2025_12_JAX_ARI,2025,12,2025-11-23,ARI,JAX,24,27,114,-135,-5.558475238035893,-13.944820476761478,150.8114866235424,-56.55336078408526,0.07670071391111077,1.1216800682338022,-0.054872322766339146,-0.2130873830350496,9.300197169163987
2025_12_CLE_LV,2025,12,2025-11-23,LV,CLE,10,24,-162,136,-2.853966178917636,-1.7002027745178339,57.79026231007981,-58.476182075013234,0.13677248777217466,0.21274318231845157,0.028409804504101077,-0.16049387017159508,10.544781138356678
2025_12_PHI_DAL,2025,12,2025-11-23,DAL,PHI,24,21,136,-162,8.937480085296084,-11.407090183326304,77.34243309778711,-23.100348702050113,0.0875149213981401,0.5064501298657538,0.0942105070478714,-0.19551679380578973,4.506870733622263
2025_12_ATL_NO,2025,12,2025-11-23,NO,ATL,10,24,-122,102,-9.868243521117186,8.733016739324071,30.446841901125367,-28.249693319201143,0.07242095624736633,-0.004073691389471001,-0.12420640292477426,0.1482649859493989,7.804627492277472
2025_12_TB_LA,2025,12,2025-11-23,LA,TB,34,7,-375,295,2.8753371040595077,12.231194826209965,-2.268985228600229,-15.001019242495687,0.004218113581911043,0.0014807789824651252,0.07929296221219637,0.20803053894283197,3.416535684657442
2025_12_CAR_SF,2025,12,2025-11-24,SF,CAR,20,9,-395,310,12.078887928302926,-4.521947611556879,-24.13462705305045,-0.716565762910605,0.08939039947002503,0.36920043432800576,0.18874101372274135,-0.03933936837154729,8.680498696650178
2025_13_GB_DET,2025,13,2025-11-27,DET,GB,24,31,-155,130,5.900384570617874,-9.478037530161906,86.35918912971715,41.30908045500509,-0.032132627828245885,1.7214229609649703,-0.07710217349943249,-0.16802862481229425,-9.548825299006324
2025_13_KC_DAL,2025,13,2025-11-27,DAL,KC,31,28,154,-185,3.6402801122262254,-3.8120625746140284,-6.724229349596271,4.45403625988142,0.04533750067637132,0.6389187975583317,-0.050997741777600324,-0.023586099389155044,2.1417106926648852
2025_13_CIN_BAL,2025,13,2025-11-27,BAL,CIN,14,32,-375,295,0.3643075150890951,18.512660955067204,-73.55659367239383,30.05114879228627,0.023593554208213963,-0.4175117746142831,0.061067108518525516,0.3772389049284175,3.4425344549709718
2025_13_CHI_PHI,2025,13,2025-11-28,PHI,CHI,15,24,-340,270,-7.161509603925403,7.211953126734176,-5.761297175811194,-30.368268840602553,0.09119784260092734,0.000482396909311511,-0.046822719152688194,0.11896479641308381,7.253735278066927
2025_13_LA_CAR,2025,13,2025-11-30,CAR,LA,31,28,425,-575,-15.859949975508133,-8.021520328367764,-9.2562185382819,-14.562686850695243,-0.01631446493172839,-0.23592733314930747,-0.20503983212770155,-0.29020396799948084,-1.4042453905274583
2025_13_SF_CLE,2025,13,2025-11-30,CLE,SF,8,26,205,-250,-6.926104682406528,1.5158788507760192,-51.022110586435105,-25.26766004831427,-0.20495140412600377,-0.6368175798522397,-0.32606221397986224,0.20125230194574173,-17.157251548933747
2025_13_HOU_IND,2025,13,2025-11-30,IND,HOU,16,20,-170,142,3.271957424028681,-4.616959401919225,16.882828991559933,42.71121551669626,0.0675597586629898,1.1916579392505104,0.1184896097261144,-0.14103592553284938,3.6604666962265955
2025_13_NO_MIA,2025,13,2025-11-30,MIA,NO,21,17,-250,205,7.602236765165289,4.477801121449147,-51.75738531653815,69.31150036780703,0.03348388387371859,1.1314242378517498,0.19100911847421462,-0.10883775772093808,1.9255252143906394
2025_13_ATL_NYJ,2025,13,2025-11-30,NYJ,ATL,27,24,140,-166,-7.269469469717247,-3.328923896278912,-38.807593183012386,2.030906670269488,-0.04043292156084133,-0.7538747013530669,-0.09900398305602531,-0.10997238247437338,-4.142335030379204
2025_13_ARI_TB,2025,13,2025-11-30,TB,ARI,20,17,-198,164,-4.797550391193674,0.11883664373384661,-159.2589629906893,58.23797848323068,-0.11532582821640891,-0.9548754011135125,-0.07330773116249277,-0.0949577131250487,-14.322204125651819
2025_13_JAX_TEN,2025,13,2025-11-30,TEN,JAX,3,25,220,-270,-9.424122266000342,-4.255012912143318,7.655812860630732,-68.77312744019945,0.030203896872419866,-0.6535340872413098,-0.030138628462116318,-0.27572546924971814,3.4968032995799163
2025_13_MIN_SEA,2025,13,2025-11-30,SEA,MIN,26,0,-900,600,15.792405125886622,1.8285795177936102,103.00095632198037,24.186674321762823,0.1106721963174152,1.9933892575820638,0.3629629700812965,0.12083500041202905,13.697506123946862
2025_13_LV_LAC,2025,13,2025-11-30,LAC,LV,31,14,-600,440,5.733621483792666,0.9637002341541425,-38.983715823745825,39.02879066423938,-0.07339545361691213,0.22997963001077704,0.08875396544895231,0.0027583813561592035,-4.206186284024541
2025_13_BUF_PIT,2025,13,2025-11-30,PIT,BUF,7,26,140,-166,0.22629750286977668,0.9945740479997482,-74.69834229307804,-0.18079178754200598,0.0029893787224180013,-1.274450950376984,-0.019042318954777482,0.059842745916739326,0.24141761939574424
2025_13_DEN_WAS,2025,13,2025-11-30,WAS,DEN,26,27,250,-310,-4.490158187363448,-12.650760103758966,-26.92273500111949,47.10952723366273,0.089347144999817,0.4976854116073248,0.09621682140189994,-0.285328465970312,7.19469635795244
2025_13_NYG_NE,2025,13,2025-12-01,NE,NYG,33,15,-375,295,3.1131621247464913,11.835573778575064,-13.601910795991387,-21.02248290317266,0.07201904586996033,0.10263393379609198,-0.026168370250486753,0.3156156195082288,5.929569404105719
2025_14_DAL_DET,2025,14,2025-12-04,DET,DAL,44,30,-192,160,-2.2247139499184527,-0.7125278683526766,-40.17985334512184,21.968527729272964,-0.015166188464330155,0.043826857444035916,-0.09385858700625739,-0.06693786241307115,-6.467123038897929
2025_14_SEA_ATL,2025,14,2025-12-07,ATL,SEA,9,37,280,-355,-4.443090372212232,-10.500956920913051,14.781121581407177,10.249052940959956,0.005894532868615077,0.1124256785701423,0.03804697060660673,-0.31018790324368156,2.0412052617940954
2025_14_PIT_BAL,2025,14,2025-12-07,BAL,PIT,22,27,-270,220,1.128288885860968,3.639417112091081,38.315011813373246,31.432047442171054,-0.009686908466446598,0.9472549536809423,0.03793720132555173,0.1299671379553336,5.589834147553178
2025_14_TEN_CLE,2025,14,2025-12-07,CLE,TEN,29,31,-205,170,2.8867802560927576,4.476118472612232,-27.609028222541212,41.73091493043543,-0.055696098002954386,0.3919164355734637,-0.0231905566673902,0.21895932276245214,-4.85785565555405
2025_14_CHI_GB,2025,14,2025-12-07,GB,CHI,28,21,-305,245,-0.5243576239378278,3.514914059787504,5.591130786764438,-69.67400738082966,0.10925484441388311,0.08620327903011393,0.15249237423651618,0.04364101039941636,10.261595711107827
2025_14_IND_JAX,2025,14,2025-12-07,JAX,IND,36,19,114,-135,4.711505901245555,7.372034217711681,-3.8791325010741673,-10.45094408691385,-0.0005189333950524899,-0.5989005687328035,-0.06709604242002691,0.2359763397763619,2.8964275972776417
2025_14_WAS_MIN,2025,14,2025-12-07,MIN,WAS,31,0,-105,-115,-11.870272522275659,3.694924633760259,-100.53678072284922,-50.8832945513885,-0.03848574062135013,-1.1290004400140532,-0.48108030567807103,0.23223235254863062,-10.371510143569843
2025_14_MIA_NYJ,2025,14,2025-12-07,NYJ,MIA,10,34,124,-148,0.389543926672669,-7.267921036793499,-7.750987804289679,-41.71846662361013,-0.041857727641540166,-1.1099134249927616,-0.03704942843067954,-0.16498680263439092,-4.041779179884873
2025_14_NO_TB,2025,14,2025-12-07,TB,NO,20,24,-425,330,5.1308129223150445,-4.536816205797205,-61.66678779759826,34.58340181605948,-0.06870733930679562,-0.05696056315035847,0.059913596544198144,-0.13990482898661857,-10.458303934451003
2025_14_DEN_LV,2025,14,2025-12-07,LV,DEN,17,24,360,-470,-10.069309084169799,-7.232399706478898,-59.922454526714375,-43.09097274438288,0.09791801829870428,-1.1112168712201527,-0.29474898126287036,-0.018243685543588573,6.722691303399923
2025_14_LA_ARI,2025,14,2025-12-07,ARI,LA,17,45,380,-500,-9.036591122745218,-6.554532123675894,78.77221247670965,-39.62242016263997,0.04910554746892881,-0.6161007778977474,-0.16761648945836718,-0.042648697763736414,4.814068575776748
2025_14_CIN_BUF,2025,14,2025-12-07,BUF,CIN,39,34,-285,230,-0.6454828785293785,7.271435032149391,-41.229962640962725,61.1071169057259,0.12005666013473582,0.5942860700538297,0.0782826620094689,0.1286247643027121,3.243401512116176
2025_14_HOU_KC,2025,14,2025-12-07,KC,HOU,10,20,-218,180,3.3342044365631587,-6.605098170677959,43.191303226443864,12.099498757283087,0.0404464176192898,0.7441017352205117,0.13836995135344388,-0.19986805596666435,2.4308099617495333
2025_14_PHI_LAC,2025,14,2025-12-08,LAC,PHI,22,19,100,-120,5.378852644828267,0.23689969300136227,-45.22420037640251,33.24062649500854,0.052171934487165395,-0.9043291574919445,-0.02737052332771107,0.09012098898001114,-0.6843509056770579
2025_15_ATL_TB,2025,15,2025-12-11,TB,ATL,28,29,-278,225,1.6509471528277118,3.7882418922156766,-38.887554827915864,11.560107332688261,-0.0316054698229411,-0.6762146332516688,-0.03309884994208728,0.01566726762284018,-5.0549897465224705
2025_15_CLE_CHI,2025,15,2025-12-14,CHI,CLE,31,3,-375,295,3.262478910035334,1.4652453435745159,-48.198853828437734,82.15171019653513,-0.038787081486299835,-0.38643251064298934,0.2203470202890642,-0.1824025351099524,1.4629703707513873
2025_15_BAL_CIN,2025,15,2025-12-14,CIN,BAL,0,24,136,-162,8.988849294567927,-7.144557943824193,56.08037372206178,-71.61841356522307,0.04985863242431143,-0.02988646517166682,0.12096448947540475,-0.06558557171075613,3.7765827320466188
2025_15_ARI_HOU,2025,15,2025-12-14,HOU,ARI,40,20,-625,455,1.7078224380180913,19.72296607704439,-71.30162004700222,26.166054795500088,-0.0911869268274772,-0.8016110462371708,0.03149407502814319,0.33875144385898015,-3.0937748381554955
2025_15_NYJ_JAX,2025,15,2025-12-14,JAX,NYJ,48,20,-1050,675,14.107704954171396,11.827954526112379,61.825124283931586,12.7348346067906,0.06798309798819979,0.9750373358858306,0.20964848252213775,0.3510272511215626,8.294596204471151
2025_15_LAC_KC,2025,15,2025-12-14,KC,LAC,13,16,-258,210,-3.8553167288744454,-2.8817287685382453,71.46120834081816,-27.129504270205274,-0.023096866406870253,0.642925888630896,0.08855914468714121,-0.23104832467730316,1.195885805754969
2025_15_BUF_NE,2025,15,2025-12-14,NE,BUF,31,35,120,-142,-1.9910668221947176,7.182897301004797,53.30043772802367,-65.54002913995198,-0.015005420436913441,-0.2461722781081841,-0.0314581536201267,0.06612794506699156,5.512036276624006
2025_15_WAS_NYG,2025,15,2025-12-14,NYG,WAS,21,29,-148,124,8.110107077098814,-2.2009827635960235,44.390213541543545,-3.2285422967830186,0.07235025524213978,0.41790345295066267,0.14808414850995166,0.04907462269529117,5.329482803037816
2025_15_LV_PHI,2025,15,2025-12-14,PHI,LV,31,0,-1000,650,3.7167921472683982,5.084792268494674,22.700382529292995,70.34598874212107,-0.11519446809376654,1.0220103213682652,0.02627930993839353,0.19746983439167665,-8.859044898156316
2025_15_GB_DEN,2025,15,2025-12-14,DEN,GB,34,26,102,-122,-2.898735579816968,-0.017997754855532122,28.06434473138495,-8.579577449610454,0.046322077001722306,-0.6627435358466283,-0.12045723100249603,-0.006957841848705488,-3.6027069707965906
2025_15_DET_LA,2025,15,2025-12-14,LA,DET,41,34,-245,200,2.61793710324077,8.452671347440578,-27.907854801962117,39.64312835659297,-0.017537963860566164,0.17433549002584314,0.11008630076987441,0.13309612685886724,0.5582107765019253
2025_15_CAR_NO,2025,15,2025-12-14,NO,CAR,20,17,124,-148,-3.5414910857562987,3.371752972992045,-16.22068631554302,-12.630165807832284,-0.02459635652813763,-0.7327581788739819,-0.10172332175985993,0.21518616570724064,-1.724974043965559
2025_15_IND_SEA,2025,15,2025-12-14,SEA,IND,18,16,-1000,650,10.882061819001482,16.17425275972287,4.629456812464099,18.994040775188097,0.024168715952903153,0.552040848503351,0.09661977702774184,0.347373659367319,0.7614918147671541
2025_15_TEN_SF,2025,15,2025-12-14,SF,TEN,37,24,-900,600,6.764338210070974,12.012940227461103,39.594255059213765,-8.005366753378794,0.07327254010349282,0.36917656704691115,0.2214184491165066,0.12893189296820032,12.455875860536619
2025_15_MIN_DAL,2025,15,2025-12-14,DAL,MIN,26,34,-265,215,11.65632285600671,-18.069260177894073,185.3071283964989,-5.43972329743697,0.036065513818536954,1.652610703079544,0.18686361464621512,-0.3244069333542787,6.361032072802038
2025_15_MIA_PIT,2025,15,2025-12-15,PIT,MIA,28,15,-175,145,-3.7159744683500904,-9.581498413705589,55.49041818267992,-115.97595210729033,-4.893237610470447e-05,-0.46942350822471823,-0.06763370773037067,-0.2097469185336542,-0.4004219719380102
2025_16_LA_SEA,2025,16,2025-12-18,SEA,LA,38,37,-122,102,-11.72849944638634,11.845436506722484,-59.51861038693045,-70.5503913645311,-0.028729418321523426,-1.5253354304574094,-0.21393407421190028,0.2412611385957809,-2.22331455387482
2025_16_GB_CHI,2025,16,2025-12-20,CHI,GB,22,16,-118,-102,0.5087687446176155,9.454630938476498,-27.13280708323518,40.92264265709868,-0.06938888684614075,-0.5900434512258173,-0.08286218648277828,0.2091626879101995,-8.285887456445108
2025_16_PHI_WAS,2025,16,2025-12-20,WAS,PHI,18,29,300,-380,-4.598998186530416,-13.403775649176337,-25.751456648200445,-7.575185174823673,-0.12930183995517286,-0.3432802507934518,-0.10270648470690028,-0.40051230559228723,-6.040918255901399
2025_16_NE_BAL,2025,16,2025-12-21,BAL,NE,24,28,-185,154,-7.966295647153352,10.159279774117856,-44.865700319304665,8.456503537043716,-0.06284868094860419,-0.056548635610012,-0.12039713484292808,0.16438126852123663,-5.122311136408648
2025_16_TB_CAR,2025,16,2025-12-21,CAR,TB,23,20,130,-155,-3.1621980005796324,4.170202050291767,-8.387544603538828,1.128074830917953,0.10996304430262316,0.3260992277062309,0.05438764097381266,-0.016670693190437444,11.498705159833516
2025_16_BUF_CLE,2025,16,2025-12-21,CLE,BUF,20,23,425,-575,-19.137045789527754,-0.5276319538694878,2.734031533683236,-100.39909313428649,-0.15797753589609365,-1.0788097716424287,-0.4802282647586236,0.12581779267649656,-11.573939398883876
2025_16_LAC_DAL,2025,16,2025-12-21,DAL,LAC,17,34,-122,102,7.705110466916196,-16.28044277723958,135.36029146497813,-3.523630729988767,0.03473131145129649,1.5694871082934814,0.15915090159987497,-0.3409777821316272,1.0802916059905423
2025_16_NYJ_NO,2025,16,2025-12-21,NO,NYJ,29,6,-298,240,1.0016810451221403,16.833246531012644,58.17795083791651,-13.74463609494667,0.10559221534234398,0.7304654317434895,0.17456497563967976,0.2535817012126909,7.354392339216274
2025_16_MIN_NYG,2025,16,2025-12-21,NYG,MIN,13,16,124,-148,-3.5006376457214756,-11.290762526311308,48.02736918515188,30.780860660430037,-0.03347528575394432,0.2564688221531606,0.028589181719095608,-0.17262357439754078,0.20464421615888995
2025_16_KC_TEN,2025,16,2025-12-21,TEN,KC,26,9,154,-185,4.862960921419788,-11.188578360017239,-61.83701022183331,31.372467600612424,0.03229048921833899,0.24500067877469078,0.03811194472197501,-0.10387616727543987,0.11947610238426254
2025_16_ATL_ARI,2025,16,2025-12-21,ARI,ATL,19,26,124,-148,-2.7251608238055383,-8.0247235797171,12.635403109239348,-51.963338952764886,0.039412032065914815,-0.6700706554128164,-0.04606487680719526,-0.10504882950007273,1.046127266783008
2025_16_JAX_DEN,2025,16,2025-12-21,DEN,JAX,20,34,-175,145,-9.73489226374928,-3.9419625241276606,-2.6254929572150445,-3.9232291610702106,0.08151647655664729,-0.6357829207193415,-0.014869086303197304,-0.19942313857970997,1.2605392059930876
2025_16_PIT_DET,2025,16,2025-12-21,DET,PIT,24,29,-425,330,9.185275618509419,-12.677199787084191,88.2479531071796,9.41110273092606,-0.05404533872641859,1.2496423889629753,0.0705319875394481,-0.12457338967518336,-0.8750697876336693
2025_16_LV_HOU,2025,16,2025-12-21,HOU,LV,23,21,-1600,900,19.77295860601181,11.30495733089841,89.147373225042,70.18069666873066,-0.016225257556764405,1.577572168605196,0.32375768701320584,0.24050207077855187,4.034175832352327
2025_16_CIN_MIA,2025,16,2025-12-21,MIA,CIN,21,45,170,-205,3.630091105359348,8.325443654165081,-53.935879395659384,42.52108232432646,0.06354415178521089,0.8984311678273222,0.11784846818768603,0.16754448871820188,3.359106148559971
2025_16_SF_IND,2025,16,2025-12-22,IND,SF,27,48,185,-225,-11.831134641034907,-5.054613665829908,-60.221720913037814,-13.347444549600667,-0.06258145151870553,-0.6059530012964949,-0.17746425128249124,0.011476252462741558,-14.362861142395703
2025_17_DAL_WAS,2025,17,2025-12-25,WAS,DAL,23,30,380,-500,-4.976297363350874,6.362829943149652,-119.6346215866042,6.309092010177224,-0.13659629429107967,-1.1991506628130582,-0.11970126587367816,0.034839933448900545,-6.225634986942323
2025_17_DET_MIN,2025,17,2025-12-25,MIN,DET,23,10,285,-360,-8.931738014980034,14.642839683606045,-151.1037179001933,35.901098397554364,0.009456236495432258,-1.1531346953938675,-0.1401205895023796,0.2712078688775552,2.1334213047862662
2025_17_DEN_KC,2025,17,2025-12-25,KC,DEN,13,20,700,-1100,-11.07900744027595,4.306074857073167,-115.45350474583327,-27.257740379975175,-0.07861325836921385,-1.523550719097658,-0.20806092398312068,0.042158014943788055,-9.31270853342827
2025_17_BAL_GB,2025,17,2025-12-27,GB,BAL,24,41,-142,120,-0.6364348685923922,-4.063280304553203,45.819778401407774,-24.937917435921975,-0.02161614488413699,-0.7043308003497035,0.057320963345378506,-0.06720733511108998,0.45152154984539905
2025_17_HOU_LAC,2025,17,2025-12-27,LAC,HOU,16,20,-118,-102,-0.691897819307556,1.450721151807329,10.611286494217325,34.55611326884704,0.03802143809461578,0.7285613668055602,0.1104533272950924,0.027686750139986185,5.501620283137429
2025_17_SEA_CAR,2025,17,2025-12-28,CAR,SEA,10,27,245,-305,-9.894685345727645,1.2456816164554851,-58.527324238589046,-13.123721026434097,0.023000527525327996,-0.81374297659187,0.043356856720739634,-0.13871326774306714,5.4722774305690915
2025_17_ARI_CIN,2025,17,2025-12-28,CIN,ARI,37,14,-345,275,9.329977099631058,7.105210362320861,26.22823506106019,4.830948272229762,0.08756891291545998,0.22438539077221797,0.09717521422900005,0.08863376623297356,11.886938321496745
2025_17_PIT_CLE,2025,17,2025-12-28,CLE,PIT,13,6,170,-205,-10.06195563008858,-3.9718759689424594,-43.95227591860714,-42.33762526490645,-0.09743029556312666,-1.2052709498817284,-0.32712386467047094,0.022698135635984558,-3.1430157808761887
2025_17_JAX_IND,2025,17,2025-12-28,IND,JAX,17,23,185,-225,-13.945685274669042,-14.76035939102573,-56.41010737976799,-10.398596077226614,0.018499186387524902,-0.6690139339901018,-0.16421432050576756,-0.275645057995289,-6.747394913335987
2025_17_NYG_LV,2025,17,2025-12-28,LV,NYG,10,34,136,-162,-3.818284808853946,-1.3159060322577112,15.53825940341909,-45.93716961542749,0.09646733452424583,0.23293087032306836,-0.08624422188492442,-0.02367929964362561,9.252093183237358
2025_17_TB_MIA,2025,17,2025-12-28,MIA,TB,20,17,205,-250,-0.48140570645463043,-4.638124674207994,40.48746902725787,-4.676044344601053,0.07128299643523472,1.204389155967828,-0.04179808758643183,-0.037207013247820844,6.669833690814592
2025_17_NE_NYJ,2025,17,2025-12-28,NYJ,NE,10,42,625,-950,-16.097595490870653,-9.067077746754347,-111.99822665476276,-40.54326615735799,-0.08140320948889279,-2.412108385426408,-0.4499215775460945,-0.05077686924558927,-15.882664983499144
2025_17_NO_TEN,2025,17,2025-12-28,TEN,NO,26,34,100,-120,0.3955989107547744,-8.294133962620904,-86.62073241379682,48.763124799162796,-0.0182459538267844,0.0324615075197201,0.00522795264441763,-0.15141257931637825,0.34731234965438795
2025_17_PHI_BUF,2025,17,2025-12-28,BUF,PHI,12,13,-170,142,3.181466710772664,-9.471978276589883,-27.324567427987233,2.818167851561327,-0.025253476855497392,0.0888674922824011,-0.02092911205711359,-0.17126478155321403,-2.517020509594014
2025_17_CHI_SF,2025,17,2025-12-28,SF,CHI,42,38,-205,170,12.765124812696797,-6.321671431885072,32.72106929562344,-26.71842532694305,0.15438862766365258,-0.047063253544075145,0.16420221648006061,-0.04652592013345373,13.46805435991307
2025_17_LA_ATL,2025,17,2025-12-29,ATL,LA,27,24,300,-380,-13.788807188229647,5.52705520911627,-124.56644397057431,-15.572439383471277,-0.019729428801147253,-1.4487753640387115,-0.17789345818349311,-0.025506172832086664,-2.62626771118216
2025_18_SEA_SF,2025,18,2026-01-03,SF,SEA,3,13,124,-148,10.020683117868249,-10.761977676401372,67.33585685720132,16.750367230415605,0.07072777473156644,0.8666526944883604,0.2706331068409953,-0.3457955178335672,9.240362768181388
2025_18_CAR_TB,2025,18,2026-01-03,TB,CAR,16,14,-155,130,3.218391280208671,0.578727261894965,108.77951605727398,-2.4861069391304653,0.03573381687156851,1.1766465927238086,0.17980106792807557,-0.04461401015482911,1.1358667303467604
2025_18_NO_ATL,2025,18,2026-01-04,ATL,NO,19,17,-205,170,-2.2612512302787593,-5.655831628989908,-105.50910385573889,72.48102569150066,-0.10478907016378591,-0.6055920277036995,-0.002034672292041878,-0.15803215232013132,-10.290811901564055
2025_18_NYJ_BUF,2025,18,2026-01-04,BUF,NYJ,35,8,-800,550,10.264627728116448,17.02474083103557,43.95804144360457,30.05060598864442,0.07219627179654708,1.0714881099845242,0.29642261628446026,0.32494274590252303,8.929553759511602
2025_18_DET_CHI,2025,18,2026-01-04,CHI,DET,16,19,-180,150,8.272822843851095,1.8091593361969274,-7.191581096691493,68.20219726037432,-0.0631337439641877,0.911093021037332,0.2958059154942525,-0.10919083343254861,3.348585467856724
2025_18_CLE_CIN,2025,18,2026-01-04,CIN,CLE,18,20,-455,350,17.100991065287403,-2.8964304767735456,106.45835180614279,11.57779117736105,0.06145899725468995,0.8743621380648623,0.40038806998190535,-0.1116744937807891,7.263319033716346
2025_18_LAC_DEN,2025,18,2026-01-04,DEN,LAC,19,3,-1600,900,0.9826560507286857,-2.9980983282481617,21.49172384911668,1.3746713056207795,-0.008417321859362725,-0.1354723061651768,0.05741771744152621,-0.06441590238290992,-2.0930307066630136
2025_18_IND_HOU,2025,18,2026-01-04,HOU,IND,38,30,-535,400,3.7353325907075288,11.804774763093242,39.76239121761631,28.718455881421704,0.013897069189460431,0.6822478823820566,0.06187495622860911,0.19101952947901119,3.0965428395112493
2025_18_TEN_JAX,2025,18,2026-01-04,JAX,TEN,41,7,-750,525,6.4812997474041865,8.943349804048268,55.27860399195737,-20.247081610250106,0.015200705920259905,0.5610709509489089,0.13357980199350844,0.19755748720864152,1.6436477955728652
2025_18_ARI_LA,2025,18,2026-01-04,LA,ARI,37,20,-1350,800,14.934342209507783,5.252667363228394,91.55112126301844,62.05026565307814,0.02233027833641754,1.4587249343352928,0.10132595196810461,0.14857331779220195,3.860867367260254
2025_18_KC_LV,2025,18,2026-01-04,LV,KC,14,12,185,-225,-1.118377993142838,-7.8057639162035635,41.480552740837766,-2.1387458396869192,0.11600965026541432,0.6731863450558198,-0.040120576751620673,-0.0807539135632537,9.858403571370259
2025_18_GB_MIN,2025,18,2026-01-04,MIN,GB,16,3,-650,470,-1.208708904776774,16.620211611818235,-125.55846019338917,6.390613134713803,-0.08123549031806765,-2.2286575606742023,-0.23774185128970796,0.45277657878846467,-13.034681300071458
2025_18_MIA_NE,2025,18,2026-01-04,NE,MIA,38,10,-1000,650,13.555442187419171,6.18472408168417,87.05520797342169,1.9336464199949148,0.09921792813293251,0.7035301008366712,0.2951646098499523,0.12134360761169748,13.303166896099711
2025_18_DAL_NYG,2025,18,2026-01-04,NYG,DAL,34,17,140,-166,-1.9859952893571773,10.51028568895305,-122.35248682698906,-10.04790992999881,0.02765954856563102,-1.0217155315896296,-0.07178128044244825,0.32836651394028726,0.5031605886837678
2025_18_WAS_PHI,2025,18,2026-01-04,PHI,WAS,17,24,-180,150,0.29563934715095286,14.665359233703482,-14.649475606647854,8.40706666293653,0.029054298454715632,-1.3797322989959824,-0.0011885878178242992,0.3600983806557949,3.370911649360244
2025_18_BAL_PIT,2025,18,2026-01-04,PIT,BAL,26,24,185,-225,-11.93822623960758,3.1603315422729956,59.70637446898681,-83.90079334850537,-0.09910031244298934,-0.6548985396896025,-0.19527193183377273,0.12797066397812573,-11.453030257967363
2025_19_GB_CHI,2025,19,2026-01-10,CHI,GB,31,27,114,-135,9.533894048837405,1.466200282710922,80.9873136700212,-14.96870918606669,-0.05181784422390523,0.4695795855641949,0.17460969069808208,0.013150595523674896,0.24790269764333817
2025_19_LA_CAR,2025,19,2026-01-10,CAR,LA,31,34,410,-550,-18.511442604881402,4.75105966737603,-109.65385656946901,-66.635424104255,0.0353649622086476,-1.2766157443448831,-0.24657976608029913,0.0005344708105591671,6.362576718589587
2025_19_BUF_JAX,2025,19,2026-01-11,JAX,BUF,24,27,-122,102,7.640781925190748,1.433258407962823,38.767311241034776,-84.9527290281466,-0.03205699655405836,-0.23827517770785533,-0.02349087896376842,0.09536824864125423,0.6017771454554586
2025_19_SF_PHI,2025,19,2026-01-11,PHI,SF,19,23,-265,215,-5.665188324651588,4.454586600559534,-19.902720027459083,-3.809364833327649,-0.13535615820523428,-0.5786751471270861,-0.017710806734211285,0.1481217495516795,-5.9014677060188845
2025_19_LAC_NE,2025,19,2026-01-11,NE,LAC,16,3,-198,164,21.50390617405988,3.4046499905100784,65.00736627674553,69.67016153377244,0.18042584649354754,2.597877410604255,0.47459596256576775,0.01236910098078614,19.352125917170895
2025_19_HOU_PIT,2025,19,2026-01-12,PIT,HOU,6,30,130,-155,-8.204832644440515,1.9215129617339706,23.66426282708605,7.164491065455593,0.06003771902082988,0.1374221740045538,0.02185391001269173,-0.08327254586257661,4.709462767459408
2025_20_BUF_DEN,2025,20,2026-01-17,DEN,BUF,33,30,-120,100,-5.890173068039406,4.711331195856555,-39.38431105959924,-22.20972771308668,-0.1005057836963743,-0.844301011812906,-0.2261073289634843,0.12483005740282634,-11.847548742100415
2025_20_SF_SEA,2025,20,2026-01-17,SEA,SF,41,6,-305,245,-1.2806840114718838,9.160853530551261,-41.43420421558261,57.09012823830794,0.03146714479558166,-0.2537133255618693,-0.01555790667083732,0.3254480978181302,-1.0257511330992766
2025_20_LA_CHI,2025,20,2026-01-18,CHI,LA,17,20,170,-205,-6.967434565361604,2.8247376370539143,-8.857254405408355,-27.24921864727392,-0.0463363799935661,-0.18289407657583823,-0.013138961314787215,-0.12913288798406236,-0.29414633315587757
2025_20_HOU_NE,2025,20,2026-01-18,NE,HOU,28,16,-180,150,-1.8231062245345058,5.6201457630964295,30.784457648798252,30.69021738633441,0.07443999999642703,1.3051777249665228,0.16590466242594795,-0.08002258017304259,12.469052571167651
2025_21_NE_DEN,2025,21,2026-01-25,DEN,NE,7,10,170,-205,-1.9599926271673276,-7.787750538961744,7.710980141601823,-45.9997130282984,-0.03744883052544645,-0.9119385820172905,0.0002755390719121516,-0.1662681714930072,-6.964489558136342
2025_21_LA_SEA,2025,21,2026-01-25,SEA,LA,31,27,-142,120,1.659089029625413,13.9016660829908,-110.9070245918818,41.769837832248584,0.15093237399509718,0.10964268414957701,0.026537151970523365,0.3400625193166741,12.423673243848054
2025_22_SEA_NE,2025,22,2026-02-08,NE,SEA,13,29,195,-238,-9.700350310758974,6.147031957820182,-70.26949243793854,13.512517602615645,-0.118311661268384,-0.9913044098730284,-0.1922821576308163,0.18145955713685138,-10.722526232977545
